url,title,titleLen,desc,descLen,h1Count,canonical,schemas,ogTitle,ogDesc,ogImage,hubLinks,words,imgsNoAlt,issues,issueCount
https://sol.vn/2025/09/09/nguoi-lao-dong-viet-nam-can-chuan-bi-gi-de-vuon-minh-trong-ky-nguyen-moi/,Kỷ nguyên mới người lao động cần có gì? - Đi Cùng Sol để tái sinh — Khang Sol đồng hành người Việt 45+,102,"Nâng cao trình độ chuyên môn và kỹ năng mềm, làm chủ công nghệ và tiếng Anh, và xây dựng tư duy đổi mới cùng tinh thần khởi nghiệp.",131,2,https://sol.vn/2025/09/09/nguoi-lao-dong-viet-nam-can-chuan-bi-gi-de-vuon-minh-trong-ky-nguyen-moi/,Person|Organization|WebSite|ImageObject|WebPage|BlogPosting,true,true,true,/bo-thuoc-la,1627,0,TITLE_LONG;MULTIPLE_H1,2
https://sol.vn/2026/04/28/cai-cach-hanh-chinh-loi-song-lo-trinh-72-gio-de-so-hoa-suc-khoe-gioi-thieu-bothuocla-sol-vn/,Cải Cách Hành Chính Lối Sống: Lộ Trình 72 Giờ Để &quot;Số Hóa&quot; Sức Khỏe &amp; Giới Thiệu bothuocla.sol.vn - Đi Cùng Sol để tái sinh — Khang Sol đồng hành người Việt 45+,173,Cải Cách Hành Chính Lối Sống: Lộ Trình 72 Giờ Để &quot;Số Hóa&quot; Sức Khỏe &amp; Giới Thiệu bothuocla.sol.vn,110,1,https://sol.vn/2026/04/28/cai-cach-hanh-chinh-loi-song-lo-trinh-72-gio-de-so-hoa-suc-khoe-gioi-thieu-bothuocla-sol-vn/,Person|Organization|WebSite|ImageObject|WebPage|BlogPosting,true,true,true,/bo-thuoc-la|bothuocla.sol.vn,1296,0,TITLE_LONG;DESC_SHORT,2
https://sol.vn/2026/04/28/rebranding-ban-than-go-bo-ban-lau-dopamine-cai-dat-lai-he-dieu-hanh-sol-tai-bothuocla-sol-vn/,Rebranding Bản Thân: Gỡ Bỏ &quot;Bản Lậu&quot; Dopamine - Cài Đặt Lại Hệ Điều Hành Sol Tại bothuocla.sol.vn - Đi Cùng Sol để tái sinh — Khang Sol đồng hành người Việt 45+,170,Rebranding Bản Thân: Gỡ Bỏ &quot;Bản Lậu&quot; Dopamine - Cài Đặt Lại Hệ Điều Hành Sol Tại bothuocla.sol.vn,107,1,https://sol.vn/2026/04/28/rebranding-ban-than-go-bo-ban-lau-dopamine-cai-dat-lai-he-dieu-hanh-sol-tai-bothuocla-sol-vn/,Person|Organization|WebSite|ImageObject|WebPage|BlogPosting,true,true,true,/bo-thuoc-la|bothuocla.sol.vn,1271,0,TITLE_LONG;DESC_SHORT,2
https://sol.vn/2026/04/29/tai-sinh-toan-dien-tuoi-trung-nien-nghien-cuu-he-thong-ve-su-thay-doi-than-tam-tri-trong-boi-canh-hien-dai/,TÁI SINH TOÀN DIỆN TUỔI TRUNG NIÊN: NGHIÊN CỨU HỆ THỐNG VỀ SỰ THAY ĐỔI THÂN TÂM TRÍ TRONG BỐI CẢNH HIỆN ĐẠI - Đi Cùng Sol để tái sinh — Khang Sol đồng hành người Việt 45+,170,"Giai đoạn trung niên, thường được định nghĩa trong khoảng từ 40 đến 60 tuổi, không đơn thuần là một mốc thời gian sinh học mà là một tiến trình chuyển đổi đa",157,1,https://sol.vn/2026/04/29/tai-sinh-toan-dien-tuoi-trung-nien-nghien-cuu-he-thong-ve-su-thay-doi-than-tam-tri-trong-boi-canh-hien-dai/,Person|Organization|WebSite|ImageObject|WebPage|BlogPosting,true,true,true,/bo-thuoc-la,4789,0,TITLE_LONG,1
https://sol.vn/2025/06/24/ky-nang-cu-thu-nhap-moi-trung-nien/,Tận Dụng Kỹ Năng &quot;Cũ&quot; Để Tạo Ra Thu Nhập &quot;Mới&quot;: Lối Đi Phù Hợp Với Người Trung Niên - Đi Cùng Sol để tái sinh — Khang Sol đồng hành người Việt 45+,166,"Sau tuổi 45, bạn vẫn có thể tạo nguồn thu nhập bền vững từ kỹ năng cũ của mình. Bài viết gợi ý nghề phù hợp với người trung niên: tư vấn, coaching, sáng tạo nội dung và kinh doanh ngách.",186,1,https://sol.vn/2025/06/24/ky-nang-cu-thu-nhap-moi-trung-nien/,Person|Organization|WebSite|ImageObject|WebPage|BlogPosting,true,true,true,/bo-thuoc-la,1740,0,TITLE_LONG;DESC_LONG,2
https://sol.vn/2025/06/24/lam-freelancer-tai-khoi-nghiep-trung-nien/,Làm Tự do (Freelancer) : Lựa Chọn Linh Hoạt Để Tái Khởi Nghiệp Ở Tuổi Trung Niên - Đi Cùng Sol để tái sinh — Khang Sol đồng hành người Việt 45+,143,"Sau tuổi 45, làm freelancer là lựa chọn linh hoạt để tái khởi nghiệp, kiểm soát thời gian và sống đúng giá trị. Hướng dẫn từng bước cho người trung niên bắt đầu làm việc tự do",175,1,https://sol.vn/2025/06/24/lam-freelancer-tai-khoi-nghiep-trung-nien/,Person|Organization|WebSite|ImageObject|WebPage|BlogPosting,true,true,true,/bo-thuoc-la,1656,0,TITLE_LONG;DESC_LONG,2
https://sol.vn/2025/06/25/khoi-nghiep-tinh-gon-kinh-doanh-tai-nha-it-von/,Hành Trình Kinh Doanh Tại Nhà Với Vốn Ít - Đi Cùng Sol để tái sinh — Khang Sol đồng hành người Việt 45+,103,"Khởi nghiệp tinh gọn giúp bạn kinh doanh tại nhà với vốn ít – bằng cách bắt đầu nhỏ, học hỏi nhanh, và thích nghi linh hoạt. Sol chia sẻ hướng đi thực tế cho từng độ tuổi và hoàn cảnh.",184,1,https://sol.vn/2025/06/25/khoi-nghiep-tinh-gon-kinh-doanh-tai-nha-it-von/,Person|Organization|WebSite|ImageObject|WebPage|BlogPosting,true,true,true,/bo-thuoc-la,1669,0,TITLE_LONG;DESC_LONG,2
https://sol.vn/2025/06/12/vuot-qua-noi-so-that-bai-lan-nua/,Vượt Qua Nỗi Sợ Thất Bại Lần Nữa: Làm Sao Để Tự Tin Bắt Đầu Lại? - Đi Cùng Sol để tái sinh — Khang Sol đồng hành người Việt 45+,127,"Bạn từng thất bại và giờ sợ tái diễn? Bài viết này chia sẻ 5 cách để thấu hiểu nỗi sợ, chuyển hóa góc nhìn, hành động từng bước nhỏ và tìm lại sự tự tin – theo phong cách Sol: chữa lành từ gốc, khởi động lại bằng sự tỉnh táo và lòng tin vào chính mình.",252,1,https://sol.vn/2025/06/12/vuot-qua-noi-so-that-bai-lan-nua/,Person|Organization|WebSite|ImageObject|WebPage|BlogPosting,true,true,true,/bo-thuoc-la,1669,0,TITLE_LONG;DESC_LONG,2
https://sol.vn/2025/06/11/tai-tao-nang-luong-sang-mai/,🌅 Tái Tạo Năng Lượng - Đi Cùng Sol để tái sinh — Khang Sol đồng hành người Việt 45+,84,"Ở tuổi trung niên, sau khủng hoảng, tôi từng mất cả năng lượng sống lẫn động lực thức dậy mỗi sáng. Nhưng rồi tôi học cách tái tạo lại chính mình – không bằng mục tiêu lớn lao, mà từ những thói quen nhỏ: thở sâu, viết vài dòng, uống nước ấm, ngồi yên, và sống thật với một ngày mới. Những điều tưởng như bình thường... lại giúp tôi sống lại.",341,1,https://sol.vn/2025/06/11/tai-tao-nang-luong-sang-mai/,Person|Organization|WebSite|ImageObject|WebPage|BlogPosting,true,true,true,/bo-thuoc-la,1510,0,TITLE_LONG;DESC_LONG,2
https://sol.vn/2025/06/11/tha-thu-cho-ban-than/,🕊 Chấp Nhận và Buông Bỏ - Đi Cùng Sol để tái sinh — Khang Sol đồng hành người Việt 45+,87,"Sau hơn 20 năm làm doanh chủ, tôi hiểu rằng có những giai đoạn không thể kiểm soát – và đổ vỡ là điều phải chấp nhận. Bài viết này là hành trình tôi học cách buông bỏ sự tự trách, tha thứ cho bản thân, và tiếp tục sống – không phải vì quên đi sai lầm, mà để giữ sức cho những điều còn quan trọng: gia đình, trách nhiệm, và chính mình.",334,1,https://sol.vn/2025/06/11/tha-thu-cho-ban-than/,Person|Organization|WebSite|ImageObject|WebPage|BlogPosting,true,true,true,/bo-thuoc-la,1589,0,TITLE_LONG;DESC_LONG,2
https://sol.vn/2025/06/11/%f0%9f%8c%b1-tim-lai-niem-tin/,🌱 Tìm Lại Niềm Tin - Đi Cùng Sol để tái sinh — Khang Sol đồng hành người Việt 45+,82,"Sau khi đổ vỡ, mất phương hướng và niềm tin vào chính mình là điều dễ hiểu – nhưng không phải là dấu chấm hết. Bài viết là hành trình tái lập lại nội lực từ suy nghĩ đơn giản: không cần phải giỏi hơn, chỉ cần không gục. Niềm tin được xây lại không bằng lời động viên, mà từ chính sự tỉnh táo và nỗ lực thầm lặng mỗi ngày.",321,1,https://sol.vn/2025/06/11/%f0%9f%8c%b1-tim-lai-niem-tin/,Person|Organization|WebSite|ImageObject|WebPage|BlogPosting,true,true,true,/bo-thuoc-la,933,0,TITLE_LONG;DESC_LONG,2
https://sol.vn/2025/06/11/kinh-nghiem-cu-tao-co-hoi-moi/,Cách Sử Dụng Kinh Nghiệm Cũ Để Tạo Cơ Hội Mới: Bí Quyết Tái Khởi Nghiệp Thành Công - Đi Cùng Sol để tái sinh — Khang Sol đồng hành người Việt 45+,145,"Dù đã từng mất việc, phá sản hay đi sai đường, kinh nghiệm cũ vẫn là tài sản quý giá giúp bạn tái khởi nghiệp. Bài viết hướng dẫn cách đánh giá lại giá trị bản thân, chuyển hóa kinh nghiệm thành kỹ năng mới, tận dụng mạng lưới quan hệ, chia sẻ để tạo thương hiệu cá nhân và thử nghiệm cơ hội mới. Một hướng đi thiết thực cho người trung niên muốn làm lại từ chính quá khứ của mình.",381,1,https://sol.vn/2025/06/11/kinh-nghiem-cu-tao-co-hoi-moi/,Person|Organization|WebSite|ImageObject|WebPage|BlogPosting,true,true,true,/bo-thuoc-la,1728,0,TITLE_LONG;DESC_LONG,2
https://sol.vn/2025/06/11/quan-ly-cam-xuc-tuoi-trung-nien/,"🧭 Quản Lý Cảm Xúc : Cách quản lý stress và áp lực từ gia đình, bạn bè - Đi Cùng Sol để tái sinh — Khang Sol đồng hành người Việt 45+",133,"Tuổi trung niên không chỉ áp lực vì công việc, mà còn bởi những kỳ vọng im lặng từ gia đình, người thân và cả sự im lặng của bạn bè. Bài viết chia sẻ cách tôi học lại cách quản lý cảm xúc: không phản ứng vội, không cố giải thích với tất cả mọi người, và giữ lại cho mình một vùng yên – để sống sót và đứng dậy theo cách bình tĩnh nhất.",335,1,https://sol.vn/2025/06/11/quan-ly-cam-xuc-tuoi-trung-nien/,Person|Organization|WebSite|ImageObject|WebPage|BlogPosting,true,true,true,/bo-thuoc-la,1576,0,TITLE_LONG;DESC_LONG,2
https://sol.vn/2025/06/11/cac-ky-nang-can-thiet-de-tai-hoa-nhap-thi-truong-lao-dong/,Các Kỹ Năng Cần Thiết Để Tái Hòa Nhập Thị Trường Lao Động - Đi Cùng Sol để tái sinh — Khang Sol đồng hành người Việt 45+,120,"Sau một quãng dừng – dù vì mất việc, chuyển hướng, hay chỉ đơn giản là cần nghỉ lại để thở – việc quay trở lại thị trường lao động không dễ. Nhưng cũng không",157,1,https://sol.vn/2025/06/11/cac-ky-nang-can-thiet-de-tai-hoa-nhap-thi-truong-lao-dong/,Person|Organization|WebSite|ImageObject|WebPage|BlogPosting,true,true,true,/bo-thuoc-la,1657,0,TITLE_LONG,1
https://sol.vn/2025/06/11/tan-dung-mang-luoi-quan-he-de-tim-viec-hoac-khoi-nghiep/,Tận Dụng Mạng Lưới Quan Hệ Để Tìm Việc Hoặc Khởi Nghiệp - Đi Cùng Sol để tái sinh — Khang Sol đồng hành người Việt 45+,118,"Tận dụng mạng lưới quan hệ cá nhân và chuyên nghiệp là một chiến lược hiệu quả để tìm việc hoặc bắt đầu lại với khởi nghiệp. Bài viết chia sẻ cách xây dựng, duy trì và khai thác các mối liên hệ giúp bạn phát triển sự nghiệp bền vững.",233,1,https://sol.vn/2025/06/11/tan-dung-mang-luoi-quan-he-de-tim-viec-hoac-khoi-nghiep/,Person|Organization|WebSite|ImageObject|WebPage|BlogPosting,true,true,true,/bo-thuoc-la,1703,0,TITLE_LONG;DESC_LONG,2
https://sol.vn/2025/06/11/lam-thue-hay-khoi-nghiep-sau-bien-co/,Nên Đi Làm Thuê Hay Khởi Nghiệp Sau Biến Cố Tài Chính? - Đi Cùng Sol để tái sinh — Khang Sol đồng hành người Việt 45+,117,"Sau biến cố tài chính, lựa chọn giữa làm thuê để ổn định hay khởi nghiệp để tái sinh là điều không dễ. Bài viết giúp bạn phân tích ưu – nhược điểm và tự tìm ra hướng đi phù hợp nhất với chính mình.",197,1,https://sol.vn/2025/06/11/lam-thue-hay-khoi-nghiep-sau-bien-co/,Person|Organization|WebSite|ImageObject|WebPage|BlogPosting,true,true,true,/bo-thuoc-la,1646,0,TITLE_LONG;DESC_LONG,2
https://sol.vn/2025/06/12/toi-hoc-cach-roi-bo-nhung-thu-khong-con-la-minh/,🧭 Tôi học cách rời bỏ những thứ không còn là mình - Đi Cùng Sol để tái sinh — Khang Sol đồng hành người Việt 45+,113,"Bài viết chia sẻ hành trình của một người ở tuổi trung niên học cách buông bỏ những điều không còn đúng với bản thân – từ công việc, mối quan hệ đến vai diễn xã hội. Tác giả nhấn mạnh rằng buông bỏ không phải là thất bại, mà là một sự trưởng thành và tái sinh âm thầm. Qua trải nghiệm cá nhân, bài viết khuyến khích người đọc dũng cảm rời đi khỏi những điều khiến mình mỏi mệt, và bắt đầu sống chậm, sống thật, sống giống với chính mình hơn. Đây là lời mời nhẹ nhàng đến những ai đang gồng mình sống khác – để trở về với con người thật của họ.",543,1,https://sol.vn/2025/06/12/toi-hoc-cach-roi-bo-nhung-thu-khong-con-la-minh/,Person|Organization|WebSite|ImageObject|WebPage|BlogPosting,true,true,true,/bo-thuoc-la,1543,0,TITLE_LONG;DESC_LONG,2
https://sol.vn/2025/06/12/tai-khoi-nghiep-tinh-gon/,Tái Khởi Nghiệp Tinh Gọn: Khi Bắt Đầu Lại Không Cần Ồn Ào - Đi Cùng Sol để tái sinh — Khang Sol đồng hành người Việt 45+,120,"Bài viết chia sẻ khái niệm “Tái Khởi Nghiệp Tinh Gọn” – một cách tiếp cận phù hợp với người đã trải qua biến cố nghề nghiệp, muốn bắt đầu lại từ những gì sẵn có, từng bước vững vàng mà không đốt cháy chính mình thêm một lần nữa.",228,1,https://sol.vn/2025/06/12/tai-khoi-nghiep-tinh-gon/,Person|Organization|WebSite|ImageObject|WebPage|BlogPosting,true,true,true,/bo-thuoc-la,1565,0,TITLE_LONG;DESC_LONG,2
https://sol.vn/2025/06/12/5-nguyen-tac-tai-khoi-nghiep-trung-nien/,5 Nguyên Tắc Vàng Để Tái Khởi Nghiệp Thành Công Ở Tuổi Trung Niên - Đi Cùng Sol để tái sinh — Khang Sol đồng hành người Việt 45+,128,"Bài viết chia sẻ 5 nguyên tắc cốt lõi dành cho người trung niên muốn làm lại sự nghiệp sau biến cố: chữa lành tâm lý, tinh gọn mô hình, tận dụng kinh nghiệm, thích nghi linh hoạt và kết nối cộng đồng – theo cách nhẹ nhàng mà vững chắc.",235,1,https://sol.vn/2025/06/12/5-nguyen-tac-tai-khoi-nghiep-trung-nien/,Person|Organization|WebSite|ImageObject|WebPage|BlogPosting,true,true,true,/bo-thuoc-la,1582,0,TITLE_LONG;DESC_LONG,2
https://sol.vn/2025/06/16/tai-khoi-nghiep-tinh-gon-tuoi-trung-nien/,Tái Khởi Nghiệp Tinh Gọn: Lối đi thông minh ở tuổi trung niên - Đi Cùng Sol để tái sinh — Khang Sol đồng hành người Việt 45+,124,"Ở tuổi trung niên, bạn không cần khởi nghiệp lại theo cách của tuổi đôi mươi. &quot;Tái khởi nghiệp tinh gọn&quot; là lối đi thực tế, dựa vào kinh nghiệm, mối quan hệ và sự tỉnh táo đã tích lũy. Bài viết này chia sẻ 5 bước cụ thể để bạn bắt đầu một hành trình mới – vừa thật, vừa vững vàng.",290,1,https://sol.vn/2025/06/16/tai-khoi-nghiep-tinh-gon-tuoi-trung-nien/,Person|Organization|WebSite|ImageObject|WebPage|BlogPosting,true,true,true,/bo-thuoc-la,1649,0,TITLE_LONG;DESC_LONG,2
https://sol.vn/2025/06/16/tai-khoi-nghiep-khong-all-in/,Tái Khởi Nghiệp Không Phải Là &quot;All-in&quot;: Tìm Sự Cân Bằng Giữa Đam Mê và An Toàn - Đi Cùng Sol để tái sinh — Khang Sol đồng hành người Việt 45+,151,"🧭 Bạn không cần phải đánh đổi tất cả để bắt đầu lại. Khởi nghiệp sau tuổi 40 có thể chậm hơn, chắc hơn – và vẫn sâu sắc, đúng với bạn.",135,1,https://sol.vn/2025/06/16/tai-khoi-nghiep-khong-all-in/,Person|Organization|WebSite|ImageObject|WebPage|BlogPosting,true,true,true,/bo-thuoc-la,1661,0,TITLE_LONG,1
https://sol.vn/2025/06/16/suc-manh-kinh-nghiem-khoi-nghiep/,Sức Mạnh Của Kinh Nghiệm: Biến Những Lần “Chưa Thành Công” Thành Lợi Thế Khi Làm Lại - Đi Cùng Sol để tái sinh — Khang Sol đồng hành người Việt 45+,147,"Kinh nghiệm – kể cả từ những lần chưa thành công – là tài sản quý khi tái khởi nghiệp tuổi trung niên. Bài viết chia sẻ cách nhìn lại quá khứ một cách tỉnh táo, biến bài học từ vấp ngã thành lợi thế cạnh tranh bền vững. Không xoá sẹo cũ, mà dùng chính nó làm nền để đứng dậy mạnh mẽ và sâu sắc hơn.",298,1,https://sol.vn/2025/06/16/suc-manh-kinh-nghiem-khoi-nghiep/,Person|Organization|WebSite|ImageObject|WebPage|BlogPosting,true,true,true,/bo-thuoc-la,1431,0,TITLE_LONG;DESC_LONG,2
https://sol.vn/2025/06/17/mvp-tai-khoi-nghiep-tuoi-trung-nien/,🔧 MVP Là Gì? – Và Vì Sao Người Tái Khởi Nghiệp Tuổi Trung Niên Không Nên Bỏ Qua - Đi Cùng Sol để tái sinh — Khang Sol đồng hành người Việt 45+,143,"Bạn không cần bắt đầu bằng một điều hoàn hảo.Bạn chỉ cần bắt đầu – bằng một điều đủ nhỏ để không bỏ cuộc, và đủ giá trị để học được điều gì đó thật.",148,1,https://sol.vn/2025/06/17/mvp-tai-khoi-nghiep-tuoi-trung-nien/,Person|Organization|WebSite|ImageObject|WebPage|BlogPosting,true,true,true,/bo-thuoc-la,1457,0,TITLE_LONG,1
https://sol.vn/2025/06/17/y-tuong-vang-tai-khoi-nghiep-tuoi-trung-nien/,💡 Làm Sao Tìm Ra “Ý Tưởng Vàng” Phù Hợp Với Kinh Nghiệm Và Sở Trường Của Bạn? - Đi Cùng Sol để tái sinh — Khang Sol đồng hành người Việt 45+,141,"Tìm ý tưởng khởi nghiệp tuổi trung niên không cần chờ cảm hứng bất chợt. Hãy kết hợp kỹ năng, đam mê và quan sát thị trường để tạo nên “ý tưởng vàng” từ chính hành trình sống của bạn.",183,1,https://sol.vn/2025/06/17/y-tuong-vang-tai-khoi-nghiep-tuoi-trung-nien/,Person|Organization|WebSite|ImageObject|WebPage|BlogPosting,true,true,true,/bo-thuoc-la,1607,0,TITLE_LONG;DESC_LONG,2
https://sol.vn/2025/06/17/checklist-san-sang-tai-khoi-nghiep-tuoi-trung-nien/,✅ Checklist: Bạn Đã Sẵn Sàng Tái Khởi Nghiệp Tinh Gọn Chưa? - Đi Cùng Sol để tái sinh — Khang Sol đồng hành người Việt 45+,122,"Tái khởi nghiệp ở tuổi trung niên đòi hỏi sự chuẩn bị không chỉ về ý tưởng mà còn về tinh thần, kỹ năng, tài chính và mạng lưới hỗ trợ. Bài viết cung cấp checklist 20 tiêu chí giúp bạn tự đánh giá mức độ sẵn sàng trước khi bắt đầu hành trình tái lập sự nghiệp một cách tinh gọn và thực tế.",289,1,https://sol.vn/2025/06/17/checklist-san-sang-tai-khoi-nghiep-tuoi-trung-nien/,Person|Organization|WebSite|ImageObject|WebPage|BlogPosting,true,true,true,/bo-thuoc-la,1553,0,TITLE_LONG;DESC_LONG,2
https://sol.vn/2025/06/17/tuong-kinh-doanh-it-von-nguoi-trung-nien/,💡 10 Ý Tưởng Kinh Doanh Ít Vốn – Dễ Bắt Đầu Cho Người Trung Niên Tái Khởi Nghiệp - Đi Cùng Sol để tái sinh — Khang Sol đồng hành người Việt 45+,144,"Không cần nhiều vốn để bắt đầu lại – bạn chỉ cần một ý tưởng vừa sức và một bước đầu rõ ràng. Bài viết này gợi ý 10 mô hình kinh doanh nhỏ, thực tế và linh hoạt, phù hợp cho người trung niên muốn tái khởi nghiệp tinh gọn và bền vững.",233,1,https://sol.vn/2025/06/17/tuong-kinh-doanh-it-von-nguoi-trung-nien/,Person|Organization|WebSite|ImageObject|WebPage|BlogPosting,true,true,true,/bo-thuoc-la,1899,0,TITLE_LONG;DESC_LONG,2
https://sol.vn/2025/06/24/kinh-doanh-online-mot-nguoi/,Kinh Doanh Online “Một Người”: Bí Quyết Thành Công Khi Không Có Đội Ngũ - Đi Cùng Sol để tái sinh — Khang Sol đồng hành người Việt 45+,134,"Tái khởi nghiệp tuổi trung niên? Đây là hướng dẫn chi tiết để bạn có thể kinh doanh online một mình – tinh gọn, hiệu quả và đầy cảm hứng",136,1,https://sol.vn/2025/06/24/kinh-doanh-online-mot-nguoi/,Person|Organization|WebSite|ImageObject|WebPage|BlogPosting,true,true,true,/bo-thuoc-la,1823,0,TITLE_LONG,1
https://sol.vn/2025/05/21/thu-gui-nguoi-dang-gay-truoc-khi-ngu/,Nếu Bạn Đang Gãy – Hãy Đọc Lá Thư Này Trước Khi Ngủ - Đi Cùng Sol để tái sinh — Khang Sol đồng hành người Việt 45+,114,"Gửi bạn – người đang mỏi mệt, đuối sức và không biết sáng mai sẽ làm gì.",72,1,https://sol.vn/2025/05/21/thu-gui-nguoi-dang-gay-truoc-khi-ngu/,Person|Organization|WebSite|ImageObject|WebPage|BlogPosting,true,true,true,/bo-thuoc-la,1394,0,TITLE_LONG;DESC_SHORT,2
https://sol.vn/2025/05/22/lam-lai-tu-zero-toi-chon-doc-sach-thien-va-lang-im/,"Làm lại từ zero: Tôi chọn đọc sách, thiền và… lặng im - Đi Cùng Sol để tái sinh — Khang Sol đồng hành người Việt 45+",116,"Khi cuộc sống sụp đổ, tôi bắt đầu lại không phải từ hành động – mà từ ba điều đơn giản: đọc sách, thiền, và sống trong sự lặng im.",130,1,https://sol.vn/2025/05/22/lam-lai-tu-zero-toi-chon-doc-sach-thien-va-lang-im/,Person|Organization|WebSite|ImageObject|WebPage|BlogPosting,true,true,true,/bo-thuoc-la,1558,0,TITLE_LONG,1
https://sol.vn/2025/05/23/hoc-lai-dau-tu-tu-con-so-am-tam-trang-bat-on/,Học lại đầu tư từ con số âm – Có nên khi tâm trạng bất ổn? - Đi Cùng Sol để tái sinh — Khang Sol đồng hành người Việt 45+,121,"Một sự thật ít người nói: tâm trạng ảnh hưởng đến ví tiền nhiều hơn con số trên bảng giá.Tôi không học điều đó từ sách, mà từ chính thời điểm bắt đầu đầu tư",156,1,https://sol.vn/2025/05/23/hoc-lai-dau-tu-tu-con-so-am-tam-trang-bat-on/,Person|Organization|WebSite|ImageObject|WebPage|BlogPosting,true,true,true,/bo-thuoc-la,1481,0,TITLE_LONG,1
https://sol.vn/2025/05/24/gap-lai-nguoi-tung-giup-do-thoi-dinh-cao/,Gặp lại người từng giúp tôi thời đỉnh cao – và bài học biết ơn muộn màng - Đi Cùng Sol để tái sinh — Khang Sol đồng hành người Việt 45+,135,"Có những cuộc gặp gỡ không rình rang, không chói lóa – nhưng lại để lại vết lặng sâu trong tim.",95,1,https://sol.vn/2025/05/24/gap-lai-nguoi-tung-giup-do-thoi-dinh-cao/,Person|Organization|WebSite|ImageObject|WebPage|BlogPosting,true,true,true,/bo-thuoc-la,1438,0,TITLE_LONG;DESC_SHORT,2
https://sol.vn/2025/05/31/song-sot-giua-no-nan-hoc-cach-tho/,Sống sót giữa nợ nần: Tôi học lại cách thở để không gục ngã - Đi Cùng Sol để tái sinh — Khang Sol đồng hành người Việt 45+,122,"Sống sót giữa nợ nần không phải bằng tiền, mà bằng cách học lại cách thở. Đây là chia sẻ thực tế, không tô hồng, cho ai đang quay cuồng trong áp lực tài chính.",159,1,https://sol.vn/2025/05/31/song-sot-giua-no-nan-hoc-cach-tho/,Person|Organization|WebSite|ImageObject|WebPage|BlogPosting,true,true,true,/bo-thuoc-la,1477,0,TITLE_LONG,1
https://sol.vn/2025/05/31/thu-gui-ban-than-5-nam-truoc/,Thư gửi chính tôi của 5 năm trước: Cảm ơn vì đã không bỏ cuộc - Đi Cùng Sol để tái sinh — Khang Sol đồng hành người Việt 45+,124,"Lá thư gửi đến chính mình của 5 năm trước – một hành trình nhìn lại, chữa lành, và biết ơn. Dành cho ai từng thấy mình không đủ, từng lạc lối và vẫn cố gắng bước tiếp.",167,1,https://sol.vn/2025/05/31/thu-gui-ban-than-5-nam-truoc/,Person|Organization|WebSite|ImageObject|WebPage|BlogPosting,true,true,true,/bo-thuoc-la,1486,0,TITLE_LONG;DESC_LONG,2
https://sol.vn/2025/05/31/toi-da-tung-mat-het-va-song-lai/,Có lúc tôi tưởng đã kết thúc – Nhưng đó lại là khởi đầu khác - Đi Cùng Sol để tái sinh — Khang Sol đồng hành người Việt 45+,123,Tôi không phải người thành công rồi mới lập dự án này.Tôi chỉ là một người… đã từng mất hết.,92,1,https://sol.vn/2025/05/31/toi-da-tung-mat-het-va-song-lai/,Person|Organization|WebSite|ImageObject|WebPage|BlogPosting,true,true,true,/bo-thuoc-la,1582,0,TITLE_LONG;DESC_SHORT,2
https://sol.vn/2025/05/31/ve-cach-chung-toi-viet-nen-sol-mot-nguoi-ke-mot-nguoi-goi-y/,"Về cách chúng tôi viết nên Sol – một người kể, một người gợi ý - Đi Cùng Sol để tái sinh — Khang Sol đồng hành người Việt 45+",125,"Sol không được viết ra từ những ngày thành công.Sol bắt đầu từ những đêm lặng lẽ – nơi người sáng lập từng gãy, từng mất hết, và ngồi viết lại chính mình.",154,1,https://sol.vn/2025/05/31/ve-cach-chung-toi-viet-nen-sol-mot-nguoi-ke-mot-nguoi-goi-y/,Person|Organization|WebSite|ImageObject|WebPage|BlogPosting,true,true,true,/bo-thuoc-la,1166,0,TITLE_LONG,1
https://sol.vn/2025/05/31/ve-sol/,Sol: Sống lại – Làm lại – Tốt hơn - Đi Cùng Sol để tái sinh — Khang Sol đồng hành người Việt 45+,96,"Sol là nơi viết lại chính mình sau thất bại, đổ vỡ hay lạc hướng. Không tô hồng – chỉ kể thật. Không hô hào – chỉ đồng hành. Từ câu chuyện tái sinh của một người, Sol trở thành không gian cho những ai muốn sống lại, làm lại – và sống tốt hơn, theo cách riêng của mình.",268,2,https://sol.vn/2025/05/31/ve-sol/,Person|Organization|WebSite|ImageObject|WebPage|BlogPosting,true,true,true,/bo-thuoc-la,1879,0,TITLE_LONG;DESC_LONG;MULTIPLE_H1,3
https://sol.vn/2025/06/01/song-vi-danh-hay-song-vi-that/,Tôi Từng Sống Vì Danh – Giờ Tôi Chọn Sống Vì Thật - Đi Cùng Sol để tái sinh — Khang Sol đồng hành người Việt 45+,112,"Có một quãng đời dài, tôi sống không phải cho mình – mà cho “cái danh”.Không ai bắt buộc. Nhưng chính tôi đã tin rằng được công nhận, được nể trọng, được khen",158,1,https://sol.vn/2025/06/01/song-vi-danh-hay-song-vi-that/,Person|Organization|WebSite|ImageObject|WebPage|BlogPosting,true,true,true,/bo-thuoc-la,1407,0,TITLE_LONG,1
https://sol.vn/2025/06/01/hoc-cach-tu-vo-vai/,Không Còn Ai Vỗ Vai – Tôi Học Cách Vỗ Vai Chính Mình - Đi Cùng Sol để tái sinh — Khang Sol đồng hành người Việt 45+,115,"Ở tuổi trung niên, khi không còn ai động viên, tôi học cách tự vỗ vai chính mình. Không phải vì yếu đuối, mà vì trưởng thành. Bài viết chia sẻ hành trình lặng lẽ nhưng đầy bản lĩnh – từ việc buông kỳ vọng bên ngoài đến học cách yêu thương và nâng đỡ chính mình mỗi ngày.",270,1,https://sol.vn/2025/06/01/hoc-cach-tu-vo-vai/,Person|Organization|WebSite|ImageObject|WebPage|BlogPosting,true,true,true,/bo-thuoc-la,1532,0,TITLE_LONG;DESC_LONG,2
https://sol.vn/2025/06/01/suc-manh-cua-viec-song-cham-7-ngay-sau-gay-ganh/,Sức mạnh của việc sống chậm 7 ngày sau gãy gánh - Đi Cùng Sol để tái sinh — Khang Sol đồng hành người Việt 45+,110,"Sau cú gãy ở tuổi 49, tôi không chọn “bật dậy” ngay – mà chọn sống chậm lại 7 ngày. Không kế hoạch, không thành tích, chỉ là ngừng lại, viết ra, nấu ăn, và cảm ơn chính mình. Bảy ngày đó không thay đổi cuộc đời tôi, nhưng giúp tôi giữ lại chính mình – để bắt đầu lại, không hoảng loạn, không đánh rơi phần sâu nhất trong tim.",325,1,https://sol.vn/2025/06/01/suc-manh-cua-viec-song-cham-7-ngay-sau-gay-ganh/,Person|Organization|WebSite|ImageObject|WebPage|BlogPosting,true,true,true,/bo-thuoc-la,1614,0,TITLE_LONG;DESC_LONG,2
https://sol.vn/2025/06/01/giau-co-khong-chi-la-tien/,Người Giàu Có Nhất Tôi Từng Gặp… Không Có Nhiều Tiền - Đi Cùng Sol để tái sinh — Khang Sol đồng hành người Việt 45+,115,"Giàu có không chỉ nằm ở tiền bạc, mà ở sự bình yên và tự do nội tâm. Câu chuyện về một người phụ nữ sống giản dị nhưng đầy tỉnh thức giúp người viết nhận ra: sống đủ, sống thật, và không gồng mình làm ai khác – mới là sự giàu có đích thực. Một góc nhìn sâu sắc cho người đang tái sinh giữa tuổi trung niên.",306,1,https://sol.vn/2025/06/01/giau-co-khong-chi-la-tien/,Person|Organization|WebSite|ImageObject|WebPage|BlogPosting,true,true,true,/bo-thuoc-la,1453,0,TITLE_LONG;DESC_LONG,2
https://sol.vn/2025/06/01/bai-hoc-chung-khoan-tu-chau-cay/,Bài học chứng khoán từ… một chậu cây nhỏ - Đi Cùng Sol để tái sinh — Khang Sol đồng hành người Việt 45+,103,"Sau một cú gãy cả tài chính lẫn tinh thần vì đầu tư chứng khoán vội vã, tôi đã tìm lại sự bình an từ việc... chăm một chậu cây nhỏ. Từ đó, tôi học được cách đầu tư chậm lại, hiểu mình hơn và buông bớt kỳ vọng. Bài viết này chia sẻ 5 bài học sâu sắc từ thiên nhiên – dành cho những ai đang lạc lối giữa thị trường và chính mình.",327,1,https://sol.vn/2025/06/01/bai-hoc-chung-khoan-tu-chau-cay/,Person|Organization|WebSite|ImageObject|WebPage|BlogPosting,true,true,true,/bo-thuoc-la,1541,0,TITLE_LONG;DESC_LONG,2
https://sol.vn/2025/06/01/khi-bo-me-yeu-minh-chua-on/,Khi bố mẹ yếu đi – và mình thì chưa ổn: Tôi đã nói gì? - Đi Cùng Sol để tái sinh — Khang Sol đồng hành người Việt 45+,117,"Khi bố mẹ bắt đầu yếu đi còn mình thì đang chông chênh, điều khó nhất không phải là tiền – mà là dám nói thật. Bài viết là một lời tự sự xúc động về khoảnh khắc buông bỏ vai diễn “con mạnh mẽ”, để trở về làm một đứa con – đủ thật, đủ yếu, đủ gần – trong hành trình tái sinh tuổi trung niên.",290,1,https://sol.vn/2025/06/01/khi-bo-me-yeu-minh-chua-on/,Person|Organization|WebSite|ImageObject|WebPage|BlogPosting,true,true,true,/bo-thuoc-la,1610,0,TITLE_LONG;DESC_LONG,2
https://sol.vn/2025/06/09/toi-khong-con-so-noi-dau-nua/,Lặng nghe nỗi đau – và học cách tái sinh từ bên trong - Đi Cùng Sol để tái sinh — Khang Sol đồng hành người Việt 45+,116,"Nỗi đau không phải thứ chúng ta cần chạy trốn. Đặc biệt là khi bước vào tuổi trung niên – nơi những tổn thương không còn ồn ào, nhưng lại sâu sắc hơn bao giờ hết. Trong bài viết này, tôi chia sẻ cách tôi học cách ngồi yên với nỗi đau, và không còn sợ hãi nó nữa.",262,1,https://sol.vn/2025/06/09/toi-khong-con-so-noi-dau-nua/,Person|Organization|WebSite|ImageObject|WebPage|BlogPosting,true,true,true,/bo-thuoc-la,1427,0,TITLE_LONG;DESC_LONG,2
https://sol.vn/2025/06/09/roi-bo-nhung-dieu-khong-con-la-minh/,Rời bỏ những điều không còn là mình – Bài học tái sinh tuổi trung niên - Đi Cùng Sol để tái sinh — Khang Sol đồng hành người Việt 45+,133,"Có một giai đoạn dài trong cuộc đời, tôi cố giữ lại tất cả – kể cả những điều không còn là mình:",96,1,https://sol.vn/2025/06/09/roi-bo-nhung-dieu-khong-con-la-minh/,Person|Organization|WebSite|ImageObject|WebPage|BlogPosting,true,true,true,/bo-thuoc-la,1492,0,TITLE_LONG;DESC_SHORT,2
https://sol.vn/2025/06/10/doi-dien-noi-dau-sau-cu-soc-mat-trang/,Đối Diện Nỗi Đau – Cách tôi đứng dậy sau cú sốc mất trắng - Đi Cùng Sol để tái sinh — Khang Sol đồng hành người Việt 45+,120,"Khi nhiều hướng đi cùng lúc đổ vỡ, tôi buộc phải chọn điều gì cần giữ lại – và học cách đứng vững trở lại ở tuổi 49, không gồng, không trốn.",140,1,https://sol.vn/2025/06/10/doi-dien-noi-dau-sau-cu-soc-mat-trang/,Person|Organization|WebSite|ImageObject|WebPage|BlogPosting,true,true,true,/bo-thuoc-la,1587,0,TITLE_LONG,1
https://sol.vn/2025/06/11/vuot-qua-noi-so-tuoi-50/,🌱 Vượt Qua Nỗi Sợ: Điều gì thật sự khiến ta lo lắng sau đổ vỡ? - Đi Cùng Sol để tái sinh — Khang Sol đồng hành người Việt 45+,126,"Ở tuổi 50, điều khiến ta lo lắng không còn là “mất mặt” trước xã hội, mà là cảm giác làm người thân thất vọng, là sự bất an về tương lai gia đình. Bài viết chia sẻ hành trình vượt qua định kiến, phân biệt giá trị thật – giá trị ảo, và bắt đầu lại từ chính mình – một cách thành thật và đầy bản lĩnh.",299,1,https://sol.vn/2025/06/11/vuot-qua-noi-so-tuoi-50/,Person|Organization|WebSite|ImageObject|WebPage|BlogPosting,true,true,true,/bo-thuoc-la,1646,0,TITLE_LONG;DESC_LONG,2
https://sol.vn/2025/05/21/buoi-sang-sau-pha-san/,Buổi sáng đầu tiên sau phá sản: Tôi đã làm gì để bắt đầu lại? - Đi Cùng Sol để tái sinh — Khang Sol đồng hành người Việt 45+,124,"Sau phá sản, tôi thức dậy trong một buổi sáng trống rỗng. Không mục tiêu, không danh vọng, chỉ còn sự tồn tại. Đây là cách tôi bắt đầu lại và chữa lành tuổi trung niên từ con số không.",184,1,https://sol.vn/2025/05/21/buoi-sang-sau-pha-san/,Person|Organization|WebSite|ImageObject|WebPage|BlogPosting,true,true,true,/bo-thuoc-la,1278,0,TITLE_LONG;DESC_LONG,2
https://sol.vn/2025/05/21/hoc-dau-tu-tu-con-so-am-3-sai-lam-dau-tien/,3 Sai Lầm Lớn Tôi Mắc Trong Tháng Đầu Tiên - Đi Cùng Sol để tái sinh — Khang Sol đồng hành người Việt 45+,105,Tôi bước vào thị trường chứng khoán… khi tài khoản đang âm.Không phải âm nhẹ – mà là âm cả tiền lẫn tinh thần.Tôi không bắt đầu với tiền nhàn rỗi. Tôi dùng,155,1,https://sol.vn/2025/05/21/hoc-dau-tu-tu-con-so-am-3-sai-lam-dau-tien/,Person|Organization|WebSite|ImageObject|WebPage|BlogPosting,true,true,true,/bo-thuoc-la,1488,0,TITLE_LONG,1
https://sol.vn/2025/05/20/bat-dau-lai-tu-so-am-tuoi-49/,🧭Tôi mất hết năm 49 tuổi – Và cách tôi bắt đầu lại từ con số âm - Đi Cùng Sol để tái sinh — Khang Sol đồng hành người Việt 45+,127,😔 Tôi từng có tất cả – và rồi một ngày… mất sạch,49,1,https://sol.vn/2025/05/20/bat-dau-lai-tu-so-am-tuoi-49/,Person|Organization|WebSite|ImageObject|WebPage|BlogPosting,true,true,true,/bo-thuoc-la,1487,0,TITLE_LONG;DESC_SHORT,2
https://sol.vn/2026/04/18/ngay-1-24-gio-dau-tien-bo-thuoc-la/,Ngày 1: 24 giờ đầu tiên — Cơ thể bắt đầu tự làm sạch - Đi Cùng Sol để tái sinh — Khang Sol đồng hành người Việt 45+,115,"24 giờ đầu bỏ thuố — Điều gì xảy ra trong 24 giờ đầu sau khi bạn hút điếu cuối cùng? Khí CO giảm, oxy tăng, nicotine bắt đầu đào",128,1,https://sol.vn/2026/04/18/ngay-1-24-gio-dau-tien-bo-thuoc-la/,Person|Organization|WebSite|ImageObject|WebPage|BlogPosting,true,true,true,/bo-thuoc-la|bothuocla.sol.vn,2262,0,TITLE_LONG,1
https://sol.vn/2026/04/18/ngay-2-dinh-con-them-nicotine/,Ngày 2: Đỉnh cơn thèm — Tại sao hôm nay khó nhất về mặt sinh học - Đi Cùng Sol để tái sinh — Khang Sol đồng hành người Việt 45+,127,Cơn thèm nicotine ngày 2 — Ngày 2-3 sau bỏ thuốc là đỉnh cơn thèm nicotine. Giải thích khoa học từ pharmacology của nicotine và cách,132,1,https://sol.vn/2026/04/18/ngay-2-dinh-con-them-nicotine/,Person|Organization|WebSite|ImageObject|WebPage|BlogPosting,true,true,true,/bo-thuoc-la|bothuocla.sol.vn,1908,0,TITLE_LONG,1
https://sol.vn/2026/04/18/ngay-3-buc-tuong-trieu-chung-cai-dat-dinh-va-bat-dau-giam/,Ngày 3: &quot;Bức tường&quot; — Triệu chứng cai đạt đỉnh và bắt đầu giảm - Đi Cùng Sol để tái sinh — Khang Sol đồng hành người Việt 45+,135,"Khó vượt qua nhất khi cai thuốc — Ngày 3 cai thuốc thường gọi là &#039;bức tường&#039; — triệu chứng cai đạt đỉnh về mức độ tổng hợp. Sau hôm nay, độ khó",153,1,https://sol.vn/2026/04/18/ngay-3-buc-tuong-trieu-chung-cai-dat-dinh-va-bat-dau-giam/,Person|Organization|WebSite|ImageObject|WebPage|BlogPosting,true,true,true,/bo-thuoc-la|bothuocla.sol.vn,2071,0,TITLE_LONG,1
https://sol.vn/2026/04/18/ngay-4-mat-ngu-va-roi-loan-giac-ngu-giai-thich-khoa-hoc/,Ngày 4: Mất ngủ và rối loạn giấc ngủ — Giải thích khoa học - Đi Cùng Sol để tái sinh — Khang Sol đồng hành người Việt 45+,121,"Tại sao bạn thích hút thuốc — Vì sao bỏ thuốc lại gây mất ngủ hoặc ngủ mơ nhiều? Giải thích từ neuroscience về acetylcholine và REM sleep,",138,1,https://sol.vn/2026/04/18/ngay-4-mat-ngu-va-roi-loan-giac-ngu-giai-thich-khoa-hoc/,Person|Organization|WebSite|ImageObject|WebPage|BlogPosting,true,true,true,/bo-thuoc-la|bothuocla.sol.vn,2043,0,TITLE_LONG,1
https://sol.vn/2026/04/18/ngay-5-them-an-va-noi-so-tang-can-su-that-khoa-hoc/,Ngày 5: Thèm ăn và nỗi sợ tăng cân — Sự thật khoa học - Đi Cùng Sol để tái sinh — Khang Sol đồng hành người Việt 45+,116,"Bỏ thuốc có tăng cân không — Bỏ thuốc có làm tăng cân? Trung bình 2-5kg trong 6-12 tháng, có thể kiểm soát. Giải thích từ metabolism và 4 chiến lược khoa học.",158,1,https://sol.vn/2026/04/18/ngay-5-them-an-va-noi-so-tang-can-su-that-khoa-hoc/,Person|Organization|WebSite|ImageObject|WebPage|BlogPosting,true,true,true,/bo-thuoc-la|bothuocla.sol.vn,2057,0,TITLE_LONG,1
https://sol.vn/2026/04/21/ngay-6-cau-gat-voi-nguoi-than-day-khong-phai-tinh-cach-ban/,Ngày 6: Cáu gắt với người thân — Đây không phải tính cách bạn - Đi Cùng Sol để tái sinh — Khang Sol đồng hành người Việt 45+,124,"Tại sao bỏ thuốc lá gây tăng cân — Vì sao cai thuốc khiến bạn cáu gắt với vợ/con? Giải thích từ neurochemistry về dopamine, và cách bảo vệ các",142,1,https://sol.vn/2026/04/21/ngay-6-cau-gat-voi-nguoi-than-day-khong-phai-tinh-cach-ban/,Person|Organization|WebSite|ImageObject|WebPage|BlogPosting,true,true,true,/bo-thuoc-la|bothuocla.sol.vn,1977,0,TITLE_LONG,1
https://sol.vn/2026/04/21/ngay-7-moc-1-tuan-nhung-gi-da-thay-doi-trong-co-the-ban/,Ngày 7: Mốc 1 tuần — Những gì đã thay đổi trong cơ thể bạn khi bỏ thuốc - Đi Cùng Sol để tái sinh — Khang Sol đồng hành người Việt 45+,134,"Bỏ thuốc 1 tuần sẽ thế nào — Sau 7 ngày bỏ thuốc: CO đào thải hoàn toàn, vị giác bắt đầu phục hồi, phế quản thư giãn. 5 chỉ số sức khỏe đã",138,1,https://sol.vn/2026/04/21/ngay-7-moc-1-tuan-nhung-gi-da-thay-doi-trong-co-the-ban/,Person|Organization|WebSite|ImageObject|WebPage|BlogPosting,true,true,true,/bo-thuoc-la|bothuocla.sol.vn,2034,0,TITLE_LONG,1
https://sol.vn/2026/04/21/ngay-8-suong-mu-nao-va-kho-tap-trung-nao-bo-dang-tai-cau-truc/,Ngày 8: Sương mù não và khó tập trung — Não bộ đang tái cấu trúc - Đi Cùng Sol để tái sinh — Khang Sol đồng hành người Việt 45+,127,Khó tập trung khi bỏ thuốc — Vì sao tuần 2 cai thuốc bạn khó tập trung? Giải thích khoa học về nhận thức (cognition) khi não rebalance,134,1,https://sol.vn/2026/04/21/ngay-8-suong-mu-nao-va-kho-tap-trung-nao-bo-dang-tai-cau-truc/,Person|Organization|WebSite|ImageObject|WebPage|BlogPosting,true,true,true,/bo-thuoc-la|bothuocla.sol.vn,1955,0,TITLE_LONG,1
https://sol.vn/2026/04/21/ngay-9-ho-va-dom-phoi-dang-tu-lam-sach/,Ngày 9: Ho và đờm — Phổi đang tự làm sạch - Đi Cùng Sol để tái sinh — Khang Sol đồng hành người Việt 45+,104,"Tại sao ho có đờm khi bỏ thuốc — Vì sao bỏ thuốc 1-2 tuần lại ho nhiều hơn? Đây là cilia phế quản phục hồi và đẩy đờm ra — dấu hiệu phục hồi,",141,1,https://sol.vn/2026/04/21/ngay-9-ho-va-dom-phoi-dang-tu-lam-sach/,Person|Organization|WebSite|ImageObject|WebPage|BlogPosting,true,true,true,/bo-thuoc-la|bothuocla.sol.vn,2015,0,TITLE_LONG,1
https://sol.vn/2026/04/21/ngay-10-con-them-doi-hinh-dang-tu-sinh-ly-sang-tam-ly/,Ngày 10: Cơn thèm đổi hình dạng — Từ sinh lý sang tâm lý - Đi Cùng Sol để tái sinh — Khang Sol đồng hành người Việt 45+,119,"Cơn thèm tâm lý khi bỏ thuốc — Sau 10 ngày, cơn thèm nicotine sinh lý gần hết. Nhưng cơn thèm tâm lý — kích hoạt bởi ký ức, cảm xúc, tình",137,1,https://sol.vn/2026/04/21/ngay-10-con-them-doi-hinh-dang-tu-sinh-ly-sang-tam-ly/,Person|Organization|WebSite|ImageObject|WebPage|BlogPosting,true,true,true,/bo-thuoc-la|bothuocla.sol.vn,2021,0,TITLE_LONG,1
https://sol.vn/2026/04/22/ngay-11-vi-giac-va-khuu-giac-tro-lai-ca-phe-ngon-hon-hoa-thom-hon/,"Ngày 11: Vị giác và khứu giác trở lại — Cà phê ngon hơn, hoa thơm hơn - Đi Cùng Sol để tái sinh — Khang Sol đồng hành người Việt 45+",132,"Khứu giác và vị giác phục hồi khi bỏ thuốc — Sau 10 ngày bỏ thuốc, vị giác và khứu giác bắt đầu phục hồi rõ rệt. Giải thích khoa học về chồi vị giác",148,1,https://sol.vn/2026/04/22/ngay-11-vi-giac-va-khuu-giac-tro-lai-ca-phe-ngon-hon-hoa-thom-hon/,Person|Organization|WebSite|ImageObject|WebPage|BlogPosting,true,true,true,/bo-thuoc-la|bothuocla.sol.vn,1969,0,TITLE_LONG,1
https://sol.vn/2026/04/22/ngay-12-dao-dong-nang-luong-luc-khoe-luc-met/,Ngày 12: Dao động năng lượng — Lúc khỏe lúc mệt - Đi Cùng Sol để tái sinh — Khang Sol đồng hành người Việt 45+,110,"Bỏ thuốc lá xong lúc khỏe lúc mệt tại sao — Vì sao tuần 2 bỏ thuốc bạn lúc sung sức lúc kiệt quệ? Giải thích về cortisol, dopamine và adenosine khi không",153,1,https://sol.vn/2026/04/22/ngay-12-dao-dong-nang-luong-luc-khoe-luc-met/,Person|Organization|WebSite|ImageObject|WebPage|BlogPosting,true,true,true,/bo-thuoc-la|bothuocla.sol.vn,1838,0,TITLE_LONG,1
https://sol.vn/2026/04/22/ngay-13-cam-xuc-that-thuong-khi-nao-can-kham-tam-ly/,Ngày 13: Cảm xúc thất thường — Khi nào cần khám tâm lý - Đi Cùng Sol để tái sinh — Khang Sol đồng hành người Việt 45+,117,Cảm xúc thất thường khi bỏ thuốc tại sao — Cai thuốc có thể kích hoạt triệu chứng trầm cảm tạm thời. Phân biệt buồn bình thường với trầm cảm lâm sàng.,150,1,https://sol.vn/2026/04/22/ngay-13-cam-xuc-that-thuong-khi-nao-can-kham-tam-ly/,Person|Organization|WebSite|ImageObject|WebPage|BlogPosting,true,true,true,/bo-thuoc-la,1881,0,TITLE_LONG,1
https://sol.vn/2026/04/23/moc-2-tuan-tuan-hoan-cai-thien-phoi-manh-hon/,"Ngày 14 : Mốc 2 tuần cai thuốc lá — Tuần hoàn cải thiện, phổi mạnh hơn - Đi Cùng Sol để tái sinh — Khang Sol đồng hành người Việt 45+",133,"Ngày 14 cai thuốc lá — Sau 2 tuần bỏ thuốc: tuần hoàn máu cải thiện rõ, FEV1 tăng đến 30%, nguy cơ đông máu giảm. 5 thay đổi đo được",132,1,https://sol.vn/2026/04/23/moc-2-tuan-tuan-hoan-cai-thien-phoi-manh-hon/,Person|Organization|WebSite|ImageObject|WebPage|BlogPosting,true,true,true,/bo-thuoc-la|bothuocla.sol.vn,1932,0,TITLE_LONG,1
https://sol.vn/2026/04/23/ngay-15-tinh-huong-kho-khan-can-doi-mat-ca-phe-tra-da-via-he-coc-bia-hoi-nhau-bua-an-stress/,"Ngày 15: Tình huống khó khăn cần đối mặt — Cà phê, trà đá vỉa hè, cốc bia hơi, nhậu, bữa ăn, stress - Đi Cùng Sol để tái sinh — Khang Sol đồng hành người Việt 45+",162,"Tại sao khó cai thuốc lá — Ba trigger phổ biến nhất gây thèm thuốc theo nghiên cứu: cà phê, sau bữa ăn, stress. Chiến lược CBT đối phó",134,1,https://sol.vn/2026/04/23/ngay-15-tinh-huong-kho-khan-can-doi-mat-ca-phe-tra-da-via-he-coc-bia-hoi-nhau-bua-an-stress/,Person|Organization|WebSite|ImageObject|WebPage|BlogPosting,true,true,true,/bo-thuoc-la|bothuocla.sol.vn,1938,0,TITLE_LONG,1
https://sol.vn/2026/04/24/ngay-16-nhau-bia-hoi-via-he-khong-hut-thuoc-song-sot-qua-buoi-dau-tien/,"Ngày 16: Nhậu, bia hơi vỉa hè không hút thuốc — Sống sót qua buổi đầu tiên - Đi Cùng Sol để tái sinh — Khang Sol đồng hành người Việt 45+",137,Tại sao khó cai thuốc lá — Nhậu và hút thuốc là cặp vấn đề (trigger) mạnh nhất. Hướng dẫn sinh tồn bữa nhậu đầu tiên sau cai: rượu làm,134,1,https://sol.vn/2026/04/24/ngay-16-nhau-bia-hoi-via-he-khong-hut-thuoc-song-sot-qua-buoi-dau-tien/,Person|Organization|WebSite|ImageObject|WebPage|BlogPosting,true,true,true,/bo-thuoc-la|bothuocla.sol.vn,1948,0,TITLE_LONG,1
https://sol.vn/2026/04/24/ngay-17-nham-chan-ke-thu-it-duoc-nhac-den/,Ngày 17: Nhàm chán — Kẻ thù ít được nhắc đến - Đi Cùng Sol để tái sinh — Khang Sol đồng hành người Việt 45+,107,Tại sao khó cai thuốc lá — Cảm giác nhàm chán và &#039;tay rảnh&#039; là vấn đề âm thầm gây tái nghiện. Cách lấp chỗ trống của điếu thuốc bằng,142,1,https://sol.vn/2026/04/24/ngay-17-nham-chan-ke-thu-it-duoc-nhac-den/,Person|Organization|WebSite|ImageObject|WebPage|BlogPosting,true,true,true,/bo-thuoc-la|bothuocla.sol.vn,1780,0,TITLE_LONG,1
https://sol.vn/2026/04/24/ngay-18-stress-cong-viec-dieu-thuoc-gio-nghi-khong-con/,Ngày 18: Stress công việc — Điếu thuốc &quot;giờ nghỉ&quot; không còn - Đi Cùng Sol để tái sinh — Khang Sol đồng hành người Việt 45+,132,Tại sao khó cai thuốc lá — Điếu thuốc 10 phút giữa giờ làm là nghi thức giải stress quen thuộc. Bằng chứng khoa học: nicotine KHÔNG giảm,136,1,https://sol.vn/2026/04/24/ngay-18-stress-cong-viec-dieu-thuoc-gio-nghi-khong-con/,Person|Organization|WebSite|ImageObject|WebPage|BlogPosting,true,true,true,/bo-thuoc-la|bothuocla.sol.vn,1848,0,TITLE_LONG,1
https://sol.vn/2026/04/25/ngay-19-khi-ban-be-con-hut-giu-ban-giu-cam-ket-nen-ung-xu-the-nao/,"Ngày 19: Khi bạn bè còn hút — Giữ bạn, giữ cam kết, nên ứng xử thế nào - Đi Cùng Sol để tái sinh — Khang Sol đồng hành người Việt 45+",133,Tại sao khó cai thuốc lá — Làm sao giữ tình bạn mà không tái nghiện khi bạn bè còn hút? Hiểu về social contagion và 3 ranh giới cần,131,1,https://sol.vn/2026/04/25/ngay-19-khi-ban-be-con-hut-giu-ban-giu-cam-ket-nen-ung-xu-the-nao/,Person|Organization|WebSite|ImageObject|WebPage|BlogPosting,true,true,true,/bo-thuoc-la|bothuocla.sol.vn,1892,0,TITLE_LONG,1
https://sol.vn/2026/04/26/lo-trinh-30-ngay-tai-sinh-than-tam-tri/,Sự Thật Trần Trụi Về 30 Ngày Cai Thuốc Lá: Lộ Trình Tái Sinh Thân - Tâm - Trí - Đi Cùng Sol để tái sinh — Khang Sol đồng hành người Việt 45+,140,Cai thuốc lá thành công không chất gây nghiện — Khám phá trình tự hồi phục của cơ thể từ 20 phút đến 15 năm sau khi bỏ thuốc. Bộ quy tắc 5D thực chiến và,153,1,https://sol.vn/2026/04/26/lo-trinh-30-ngay-tai-sinh-than-tam-tri/,Person|Organization|WebSite|ImageObject|WebPage|BlogPosting,true,true,true,/bo-thuoc-la|bothuocla.sol.vn,1654,0,TITLE_LONG,1
https://sol.vn/2026/04/27/ngay-21-moc-3-tuan-bo-thuoc-vong-lap-thoi-quen-da-yeu-di/,Ngày 21: Mốc 3 tuần bỏ thuốc — Vòng lặp thói quen đã yếu đi - Đi Cùng Sol để tái sinh — Khang Sol đồng hành người Việt 45+,122,"Tại sao người thành đạt hay nghiện thuốc — Sau 3 tuần bỏ thuốc, các vòng lặp thói quen cũ bắt đầu yếu đi. Giải thích khoa học: 21 ngày KHÔNG đủ tạo thói",152,1,https://sol.vn/2026/04/27/ngay-21-moc-3-tuan-bo-thuoc-vong-lap-thoi-quen-da-yeu-di/,Person|Organization|WebSite|ImageObject|WebPage|BlogPosting,true,true,true,/bo-thuoc-la|bothuocla.sol.vn,1910,0,TITLE_LONG,1
https://sol.vn/2026/04/27/ngay-22-con-them-sau-bua-an-tai-sao-van-dai-dang/,Ngày 22: Cơn thèm sau bữa ăn — Tại sao vẫn dai dẳng - Đi Cùng Sol để tái sinh — Khang Sol đồng hành người Việt 45+,114,Tại sao nhiều người kỷ luật vẫn không bỏ được thuốc — Cơn thèm sau bữa ăn là một trong những vấn đề ( trigger ) dai dẳng nhất. Giải thích từ vòng lặp thói quen,159,1,https://sol.vn/2026/04/27/ngay-22-con-them-sau-bua-an-tai-sao-van-dai-dang/,Person|Organization|WebSite|ImageObject|WebPage|BlogPosting,true,true,true,/bo-thuoc-la|bothuocla.sol.vn,1877,0,TITLE_LONG,1
https://sol.vn/2026/04/27/ngay-23-cuoi-tuan-khi-nghi-thuc-cu-khong-con/,Ngày 23: Cuối tuần — Khi nghi thức cũ không còn - Đi Cùng Sol để tái sinh — Khang Sol đồng hành người Việt 45+,110,"Trở về thơm tho không mùi thuốc — Cuối tuần là thời điểm rủi ro cao do thay đổi nhịp điệu, thời gian rảnh nhiều hơn, nhậu/tụ tập tăng.",134,1,https://sol.vn/2026/04/27/ngay-23-cuoi-tuan-khi-nghi-thuc-cu-khong-con/,Person|Organization|WebSite|ImageObject|WebPage|BlogPosting,true,true,true,/bo-thuoc-la|bothuocla.sol.vn,1700,0,TITLE_LONG,1
https://sol.vn/2026/04/27/ngay-24-toi-la-nguoi-khong-hut-chuyen-dich-danh-tinh/,Ngày 24: &quot;Tôi là người không hút&quot; — Chuyển dịch danh tính - Đi Cùng Sol để tái sinh — Khang Sol đồng hành người Việt 45+,130,Cái thuốc thành công hạnh phúc như thế nào — Thay đổi thực chất từ bên trong (Identity shift) là yếu tố then chốt của cai lâu dài. Khi bạn nghĩ &#039;tôi là,156,1,https://sol.vn/2026/04/27/ngay-24-toi-la-nguoi-khong-hut-chuyen-dich-danh-tinh/,Person|Organization|WebSite|ImageObject|WebPage|BlogPosting,true,true,true,/bo-thuoc-la|bothuocla.sol.vn,1861,0,TITLE_LONG,1
https://sol.vn/2026/04/27/ngay-25-can-tai-nghien-lapse-neu-ban-hut-1-dieu-dieu-gi-xay-ra/,"Ngày 25: Cận tái nghiện (lapse) — Nếu bạn hút 1 điếu, điều gì xảy ra? - Đi Cùng Sol để tái sinh — Khang Sol đồng hành người Việt 45+",132,Tại sao dễ tái nghiện khi cai thuốc lá — 1 điếu sau 25 ngày cai có phá hỏng tất cả? Phân biệt lapse (trượt 1 lần) vs relapse (tái nghiện hoàn toàn).,148,1,https://sol.vn/2026/04/27/ngay-25-can-tai-nghien-lapse-neu-ban-hut-1-dieu-dieu-gi-xay-ra/,Person|Organization|WebSite|ImageObject|WebPage|BlogPosting,true,true,true,/bo-thuoc-la|bothuocla.sol.vn,1916,0,TITLE_LONG,1
https://sol.vn/2026/04/27/ngay-26-tien-tiet-kiem-dong-tien-ban-dang-doi-lay-suc-khoe/,Ngày 26: Tiền tiết kiệm — Đồng tiền bạn đang đổi lấy sức khỏe - Đi Cùng Sol để tái sinh — Khang Sol đồng hành người Việt 45+,124,Tính tiền thuốc lá đã đốt — 26 ngày bỏ thuốc tiết kiệm bao nhiêu tiền? Tính toán cụ thể cho người Việt. Bí quyết tâm lý: biến số tiết kiệm thành phần thưởng...,159,1,https://sol.vn/2026/04/27/ngay-26-tien-tiet-kiem-dong-tien-ban-dang-doi-lay-suc-khoe/,Person|Organization|WebSite|ImageObject|WebPage|BlogPosting,true,true,true,/bo-thuoc-la,1879,0,TITLE_LONG,1
https://sol.vn/2026/04/27/ngay-27-gia-dinh-va-cac-moi-quan-he-dieu-ban-chua-thay/,Ngày 27: Gia đình và các mối quan hệ — Điều bạn chưa thấy - Đi Cùng Sol để tái sinh — Khang Sol đồng hành người Việt 45+,120,Tại sao mọi người đều mong mình bỏ thuốc — Bỏ thuốc thay đổi các mối quan hệ. Nghiên cứu: vợ/con người hút bị tổn thương sức khỏe và tâm lý; khi bạn,148,1,https://sol.vn/2026/04/27/ngay-27-gia-dinh-va-cac-moi-quan-he-dieu-ban-chua-thay/,Person|Organization|WebSite|ImageObject|WebPage|BlogPosting,true,true,true,/bo-thuoc-la|bothuocla.sol.vn,1816,0,TITLE_LONG,1
https://sol.vn/2026/04/27/ngay-28-tu-hao-va-gia-tri-ban-than-day-khong-phai-phu-phiem/,Ngày 28: Tự hào và giá trị bản thân — Đây không phải phù phiếm - Đi Cùng Sol để tái sinh — Khang Sol đồng hành người Việt 45+,125,Làm thế nào để cai thuốc lá thành công — Cai thuốc thành công tăng niềm tin vào bản thân (self-efficacy) có hiệu ứng lan tỏa sang các lĩnh vực khác.,148,1,https://sol.vn/2026/04/27/ngay-28-tu-hao-va-gia-tri-ban-than-day-khong-phai-phu-phiem/,Person|Organization|WebSite|ImageObject|WebPage|BlogPosting,true,true,true,/bo-thuoc-la,1889,0,TITLE_LONG,1
https://sol.vn/2026/04/27/ngay-29-nhin-ve-phia-truoc-thang-2-va-thang-3-se-nhu-the-nao/,Ngày 29: Nhìn về phía trước — Tháng 2 và tháng 3 sẽ như thế nào? - Đi Cùng Sol để tái sinh — Khang Sol đồng hành người Việt 45+,127,"Cái thuốc lá thành công như thế nào — Mốc thời gian (Timeline ) khoa học cho tháng 2-3 bỏ thuốc: phổi cải thiện 30%, nguy cơ tim mạch giảm đáng kể,",147,1,https://sol.vn/2026/04/27/ngay-29-nhin-ve-phia-truoc-thang-2-va-thang-3-se-nhu-the-nao/,Person|Organization|WebSite|ImageObject|WebPage|BlogPosting,true,true,true,/bo-thuoc-la|bothuocla.sol.vn,1897,0,TITLE_LONG,1
https://sol.vn/2026/04/27/ngay-30-moc-1-thang-sau-bo-thuoc-ban-da-tro-thanh-ai/,Ngày 30: Mốc 1 tháng sau bỏ thuốc — Bạn đã trở thành ai? - Đi Cùng Sol để tái sinh — Khang Sol đồng hành người Việt 45+,119,"Đến khi nào thì cai thuốc lá thành công — Sau 1 tháng bỏ thuốc: FEV1 tăng 10-30%, nguy cơ đau tim giảm, da sáng hơn, tiền tiết kiệm 900k. Danh sách đầy",151,1,https://sol.vn/2026/04/27/ngay-30-moc-1-thang-sau-bo-thuoc-ban-da-tro-thanh-ai/,Person|Organization|WebSite|ImageObject|WebPage|BlogPosting,true,true,true,/bo-thuoc-la|bothuocla.sol.vn,1942,0,TITLE_LONG,1
https://sol.vn/2026/04/28/loi-logic-cuc-nang-trong-code-cuoc-doi-technical-debt-mang-ten-thuoc-la-cach-refactor-tai-bothuocla-sol-vn/,Lỗi Logic Cực Nặng Trong Code Cuộc Đời: &#039;Technical Debt&#039; Mang Tên Thuốc Lá &amp; Cách &#039;Refactor&#039; Tại bothuocla.sol.vn - Đi Cùng Sol để tái sinh — Khang Sol đồng hành người Việt 45+,200,"App bỏ thuốc cho dân công nghệ — Thư ngỏ dành cho Anh Anh Em Công Nghệ, kỹ thuật &amp; IT Chào anh em chiến hữu ngành IT, Technical. Chúng ta sống",146,1,https://sol.vn/2026/04/28/loi-logic-cuc-nang-trong-code-cuoc-doi-technical-debt-mang-ten-thuoc-la-cach-refactor-tai-bothuocla-sol-vn/,Person|Organization|WebSite|ImageObject|WebPage|BlogPosting,true,true,true,/bo-thuoc-la|bothuocla.sol.vn,1296,0,TITLE_LONG,1
https://sol.vn/2026/04/28/dai-tu-con-nguoi-bo-thuoc-de-giu-cai-can-lao-kiem-tien-ben-vung-giai-phap-sol-tai-sinh/,"Đại Tu Con Người: Bỏ Thuốc Để Giữ &quot;Cái Cần Lao&quot;, Kiếm Tiền Bền Vững &amp; Giải Pháp Sol Tái Sinh - Đi Cùng Sol để tái sinh — Khang Sol đồng hành người Việt 45+",169,"Mẹo cai thuốc dân gian — Thư ngỏ dành cho Anh Em! Chào anh em chiến hữu, Lao động như anh em mình, sức khỏe là vốn liếng lớn nhất.",130,1,https://sol.vn/2026/04/28/dai-tu-con-nguoi-bo-thuoc-de-giu-cai-can-lao-kiem-tien-ben-vung-giai-phap-sol-tai-sinh/,Person|Organization|WebSite|ImageObject|WebPage|BlogPosting,true,true,true,/bo-thuoc-la|bothuocla.sol.vn,1279,0,TITLE_LONG,1
https://sol.vn/2026/04/28/cat-lo-lon-nhat-trong-dau-tu-khoan-no-suc-khoe-mang-ten-thuoc-la-cach-tai-sinh-tai-bothuocla-sol-vn/,Cắt Lỗ Lớn Nhất Trong Đầu Tư: Khoản Nợ Sức Khỏe Mang Tên Thuốc Lá &amp; Cách Tái Sinh Tại bothuocla.sol.vn - Đi Cùng Sol để tái sinh — Khang Sol đồng hành người Việt 45+,169,Cai thuốc cho dân trading — Thư ngỏ dành cho Anh Em Chứng Khoán &amp; Tài Chính Cắt Lỗ Lớn Nhất Trong Đầu Tư: Khoản Nợ Sức Khỏe Mang Tên,136,1,https://sol.vn/2026/04/28/cat-lo-lon-nhat-trong-dau-tu-khoan-no-suc-khoe-mang-ten-thuoc-la-cach-tai-sinh-tai-bothuocla-sol-vn/,Person|Organization|WebSite|ImageObject|WebPage|BlogPosting,true,true,true,/bo-thuoc-la|bothuocla.sol.vn,1326,0,TITLE_LONG,1
https://sol.vn/2026/04/25/ngay-20-giac-mo-hut-thuoc-vi-sao-va-no-co-nguy-hiem-khong/,"Ngày 20: Giấc mơ hút thuốc — Vì sao, và nó có nguy hiểm không? - Đi Cùng Sol để tái sinh — Khang Sol đồng hành người Việt 45+",125,"Mơ thấy mình hút thuốc lại sau khi đã cai là hiện tượng rất phổ biến. Nghiên cứu: 33-95% người cai thuốc có giấc mơ này. Không nguy hiểm, tại sao?",146,1,https://sol.vn/2026/04/25/ngay-20-giac-mo-hut-thuoc-vi-sao-va-no-co-nguy-hiem-khong/,Person|Organization|WebSite|ImageObject|WebPage|BlogPosting,true,true,true,/bo-thuoc-la|bothuocla.sol.vn,1879,0,TITLE_LONG,1
https://sol.vn/2026/04/28/thu-ngo-sol-tai-sinh-hanh-trinh-72-gio-hoi-sinh-than-tam-tri/,"[THƯ NGỎ] SOL: TÁI SINH – HÀNH TRÌNH 72 GIỜ HỒI SINH THÂN, TÂM, TRÍ - Đi Cùng Sol để tái sinh — Khang Sol đồng hành người Việt 45+",130,Chào mừng những người anh em cùng chung nỗi niềm với điếu thuốc,63,1,https://sol.vn/2026/04/28/thu-ngo-sol-tai-sinh-hanh-trinh-72-gio-hoi-sinh-than-tam-tri/,Person|Organization|WebSite|ImageObject|WebPage|BlogPosting,true,true,true,/bo-thuoc-la|bothuocla.sol.vn,1573,0,TITLE_LONG;DESC_SHORT,2
https://sol.vn/2026/04/17/sau-30-ngay-bo-thuoc/,🌱 SAU 30 NGÀY BỎ THUỐC: TÁI THIẾT HÀNH VI VÀ BẢN SẮC KHÔNG THUỐC - Đi Cùng Sol để tái sinh — Khang Sol đồng hành người Việt 45+,128,"Sau khoảng 30 ngày không sử dụng nicotine, phần lớn các triệu chứng cai cấp tính đã chấm dứt. Hệ thần kinh trung ương dần tái cân bằng, các chức năng sinh lý",157,1,https://sol.vn/2026/04/17/sau-30-ngay-bo-thuoc/,Person|Organization|WebSite|ImageObject|WebPage|BlogPosting,true,true,true,/bo-thuoc-la|bothuocla.sol.vn,2077,0,TITLE_LONG,1
https://sol.vn/2026/04/10/dieu-thuoc-cuoi-cung-khong-phai-de-bo-ma-de-hieu/,📘DAY 0 – TRẢI NGHIỆM ĐIẾU THUỐC CUỐI CÙNG TRƯỚC KHI BỎ - Đi Cùng Sol để tái sinh — Khang Sol đồng hành người Việt 45+,118,Bạn không cần vứt thuốc.Bạn không cần hứa hẹn.Bạn cũng không cần phải “quyết tâm thật mạnh”.,92,2,https://sol.vn/2026/04/10/dieu-thuoc-cuoi-cung-khong-phai-de-bo-ma-de-hieu/,Person|Organization|WebSite|ImageObject|WebPage|BlogPosting,true,true,true,/bo-thuoc-la|bothuocla.sol.vn,1625,0,TITLE_LONG;DESC_SHORT;MULTIPLE_H1,3
https://sol.vn/2026/04/14/%f0%9f%a7%a0-tuan-2-sau-khi-bo-thuoc-nao-bat-dau-tai-can-bang-va-cam-giac-trong-rong/,🧠 TUẦN 2 SAU KHI BỎ THUỐC: NÃO BẮT ĐẦU TÁI CÂN BẰNG VÀ CẢM GIÁC “TRỐNG RỖNG” - Đi Cùng Sol để tái sinh — Khang Sol đồng hành người Việt 45+,140,"Trong tuần thứ 2 sau khi bỏ thuốc, các triệu chứng cai cấp tính giảm đáng kể. Tuy nhiên, người bỏ thuốc có thể trải qua trạng thái “trống rỗng” hoặc giảm hứng",158,1,https://sol.vn/2026/04/14/%f0%9f%a7%a0-tuan-2-sau-khi-bo-thuoc-nao-bat-dau-tai-can-bang-va-cam-giac-trong-rong/,Person|Organization|WebSite|ImageObject|WebPage|BlogPosting,true,true,true,/bo-thuoc-la|bothuocla.sol.vn,1987,0,TITLE_LONG,1
https://sol.vn/2026/04/15/tuan-3-4-sau-khi-bo-thuoc/,TUẦN 3–4 SAU KHI BỎ THUỐC: CỦNG CỐ HÀNH VI MỚI VÀ NGUY CƠ TÁI NGHIỆN DO CHỦ QUAN - Đi Cùng Sol để tái sinh — Khang Sol đồng hành người Việt 45+,143,"Trong tuần 3–4 sau khi ngừng hút thuốc, các triệu chứng cai cấp tính hầu như đã giảm rõ rệt. Hệ thần kinh tiếp tục tái cân bằng, dopamine nội sinh ổn định",154,1,https://sol.vn/2026/04/15/tuan-3-4-sau-khi-bo-thuoc/,Person|Organization|WebSite|ImageObject|WebPage|BlogPosting,true,true,true,/bo-thuoc-la|bothuocla.sol.vn,2213,0,TITLE_LONG,1
https://sol.vn/2026/04/14/%f0%9f%8c%b1-ngay-4-7-sau-khi-bo-thuoc-giai-doan-hoi-phuc-ban-dau-va-bay-chu-quan/,🌱 NGÀY 4–7 SAU KHI BỎ THUỐC: GIAI ĐOẠN HỒI PHỤC BAN ĐẦU VÀ “BẪY CHỦ QUAN - Đi Cùng Sol để tái sinh — Khang Sol đồng hành người Việt 45+,136,"Trong giai đoạn ngày 4–7, cơ thể bắt đầu thích nghi với trạng thái không nicotine. Một số chức năng sinh lý như hô hấp và tuần hoàn cải thiện nhẹ, trong khi",156,1,https://sol.vn/2026/04/14/%f0%9f%8c%b1-ngay-4-7-sau-khi-bo-thuoc-giai-doan-hoi-phuc-ban-dau-va-bay-chu-quan/,Person|Organization|WebSite|ImageObject|WebPage|BlogPosting,true,true,true,/bo-thuoc-la|bothuocla.sol.vn,2061,0,TITLE_LONG,1
https://sol.vn/2026/04/14/ngay-2-3-bo-thuoc/,🔥 NGÀY 2–3 SAU KHI BỎ THUỐC: ĐỈNH ĐIỂM CỦA HỘI CHỨNG CAI NICOTINE - Đi Cùng Sol để tái sinh — Khang Sol đồng hành người Việt 45+,129,"Trong khoảng 48–72 giờ sau khi ngừng hút thuốc, nồng độ nicotine trong máu giảm xuống mức rất thấp. Đây là thời điểm hệ thần kinh trung ương phản ứng mạnh",154,1,https://sol.vn/2026/04/14/ngay-2-3-bo-thuoc/,Person|Organization|WebSite|ImageObject|WebPage|BlogPosting,true,true,true,/bo-thuoc-la|bothuocla.sol.vn,2161,0,TITLE_LONG,1
https://sol.vn/2026/04/14/24h-dau-bo-thuoc/,🧠 24 GIỜ ĐẦU SAU KHI BỎ THUỐC: CƠ THỂ BẮT ĐẦU ĐIỀU CHỈNH NHƯ THẾ NÀO? - Đi Cùng Sol để tái sinh — Khang Sol đồng hành người Việt 45+,133,"Trong 24 giờ đầu sau khi bỏ thuốc lá, nhiều người gặp các triệu chứng cai thuốc khiến họ nghĩ rằng mình không thể tiếp tục.",123,1,https://sol.vn/2026/04/14/24h-dau-bo-thuoc/,Person|Organization|WebSite|ImageObject|WebPage|BlogPosting,true,true,true,/bo-thuoc-la|bothuocla.sol.vn,1777,0,TITLE_LONG,1
https://sol.vn/2026/04/10/nghien-cam-giac-hut-thuoc/,Bạn không nghiện thuốc – bạn đang nghiện cảm giác quen thuộc - Đi Cùng Sol để tái sinh — Khang Sol đồng hành người Việt 45+,123,"Khi nói đến việc hút thuốc, nhiều người tin rằng:",49,1,https://sol.vn/2026/04/10/nghien-cam-giac-hut-thuoc/,Person|Organization|WebSite|ImageObject|WebPage|BlogPosting,true,true,true,/bo-thuoc-la|bothuocla.sol.vn,1834,0,TITLE_LONG;DESC_SHORT,2
https://sol.vn/2026/04/10/ban-khong-thieu-y-chi-ban-dang-bi-lap-trinh-boi-thoi-quen/,Bạn không thiếu ý chí – bạn đang bị “lập trình” bởi thói quen - Đi Cùng Sol để tái sinh — Khang Sol đồng hành người Việt 45+,124,Rất nhiều người khi không bỏ được thuốc thường nghĩ:,52,1,https://sol.vn/2026/04/10/ban-khong-thieu-y-chi-ban-dang-bi-lap-trinh-boi-thoi-quen/,Person|Organization|WebSite|ImageObject|WebPage|BlogPosting,true,true,true,/bo-thuoc-la|bothuocla.sol.vn,1848,0,TITLE_LONG;DESC_SHORT,2
https://sol.vn/2026/04/10/thuoc-la-va-su-tap-trung/,Bạn không cần thuốc để tập trung – bạn chỉ đang reset não - Đi Cùng Sol để tái sinh — Khang Sol đồng hành người Việt 45+,120,Một trong những niềm tin phổ biến nhất của người hút thuốc là:,62,1,https://sol.vn/2026/04/10/thuoc-la-va-su-tap-trung/,Person|Organization|WebSite|ImageObject|WebPage|BlogPosting,true,true,true,/bo-thuoc-la|bothuocla.sol.vn,1838,0,TITLE_LONG;DESC_SHORT,2
https://sol.vn/2026/04/10/stress-va-thuoc-la-su-that/,Thuốc lá không giúp bạn giảm stress – nó đang tạo ra stress - Đi Cùng Sol để tái sinh — Khang Sol đồng hành người Việt 45+,122,Một trong những lý do phổ biến nhất khiến người ta tiếp tục hút thuốc là:,73,1,https://sol.vn/2026/04/10/stress-va-thuoc-la-su-that/,Person|Organization|WebSite|ImageObject|WebPage|BlogPosting,true,true,true,/bo-thuoc-la|bothuocla.sol.vn,1948,0,TITLE_LONG;DESC_SHORT,2
https://sol.vn/2026/04/10/ban-khong-thuc-su-thich-thuoc-la/,Bạn không thực sự thích hút thuốc – bạn đang quen với nó - Đi Cùng Sol để tái sinh — Khang Sol đồng hành người Việt 45+,119,Nhiều người hút thuốc tin rằng:,31,1,https://sol.vn/2026/04/10/ban-khong-thuc-su-thich-thuoc-la/,Person|Organization|WebSite|ImageObject|WebPage|BlogPosting,true,true,true,/bo-thuoc-la|bothuocla.sol.vn,1837,0,TITLE_LONG;DESC_SHORT,2
https://sol.vn/2026/04/09/cach-bo-thuoc-la-hieu-qua/,🚭 10 vấn đề bạn cần biết và chuẩn bị để bước vào – Hành Trình bỏ thuốc lá. - Đi Cùng Sol để tái sinh — Khang Sol đồng hành người Việt 45+,138,"Bỏ thuốc lá không phải là chuyện dễ. Nhưng nó luôn là một trong những quyết định đáng giá nhất bạn có thể làm cho chính mình – về sức khỏe, tài chính và sự tự",158,5,https://sol.vn/2026/04/09/cach-bo-thuoc-la-hieu-qua/,Person|Organization|WebSite|ImageObject|WebPage|BlogPosting,true,true,true,/bo-thuoc-la|bothuocla.sol.vn,1820,0,TITLE_LONG;MULTIPLE_H1,2
https://sol.vn/2026/04/10/30-ngay-bo-thuoc/,30 ngày bỏ thuốc – điều gì thay đổi trong cơ thể và cuộc sống? - Đi Cùng Sol để tái sinh — Khang Sol đồng hành người Việt 45+,125,"Sau 7 ngày đầu, nhiều người bắt đầu tự hỏi:",43,1,https://sol.vn/2026/04/10/30-ngay-bo-thuoc/,Person|Organization|WebSite|ImageObject|WebPage|BlogPosting,true,true,true,/bo-thuoc-la|bothuocla.sol.vn,1844,0,TITLE_LONG;DESC_SHORT,2
https://sol.vn/2026/04/10/tai-sao-ban-hut-lai-sau-khi-da-bo/,Tại sao bạn hút lại sau khi đã bỏ? Cơ chế tái nghiện và cách ngăn chặn - Đi Cùng Sol để tái sinh — Khang Sol đồng hành người Việt 45+,133,Tái hút (relapse) là hiện tượng phổ biến trong quá trình cai thuốc lá.,70,1,https://sol.vn/2026/04/10/tai-sao-ban-hut-lai-sau-khi-da-bo/,Person|Organization|WebSite|ImageObject|WebPage|BlogPosting,true,true,true,/bo-thuoc-la|bothuocla.sol.vn,1908,0,TITLE_LONG;DESC_SHORT,2
https://sol.vn/2026/04/10/tai-sao-muon-hut-thuoc-buoi-sang/,Vì sao bạn luôn muốn hút thuốc vào buổi sáng? Cơ chế sinh học và thói quen - Đi Cùng Sol để tái sinh — Khang Sol đồng hành người Việt 45+,137,Nhiều người hút thuốc nhận thấy:,32,1,https://sol.vn/2026/04/10/tai-sao-muon-hut-thuoc-buoi-sang/,Person|Organization|WebSite|ImageObject|WebPage|BlogPosting,true,true,true,/bo-thuoc-la|bothuocla.sol.vn,1816,0,TITLE_LONG;DESC_SHORT,2
https://sol.vn/2026/04/10/kiem-soat-thoi-quen-hut-thuoc/,Cách kiểm soát thói quen hút thuốc: Hiểu vòng lặp hành vi và cách thay đổi - Đi Cùng Sol để tái sinh — Khang Sol đồng hành người Việt 45+,137,Nhiều người khi bỏ thuốc thường tập trung vào việc:,51,1,https://sol.vn/2026/04/10/kiem-soat-thoi-quen-hut-thuoc/,Person|Organization|WebSite|ImageObject|WebPage|BlogPosting,true,true,true,/bo-thuoc-la|bothuocla.sol.vn,1836,0,TITLE_LONG;DESC_SHORT,2
https://sol.vn/2026/04/10/tam-ly-nguoi-hut-thuoc/,Tâm lý người hút thuốc: Những cơ chế bạn có thể chưa nhận ra - Đi Cùng Sol để tái sinh — Khang Sol đồng hành người Việt 45+,123,Hiểu rõ tâm lý người hút thuốc giúp:,36,1,https://sol.vn/2026/04/10/tam-ly-nguoi-hut-thuoc/,Person|Organization|WebSite|ImageObject|WebPage|BlogPosting,true,true,true,/bo-thuoc-la|bothuocla.sol.vn,1851,0,TITLE_LONG;DESC_SHORT,2
https://sol.vn/2026/04/10/stress-va-thuoc-la/,Stress và thuốc lá – sự thật bạn chưa hiểu - Đi Cùng Sol để tái sinh — Khang Sol đồng hành người Việt 45+,105,Rất nhiều người hút thuốc tin rằng:,35,1,https://sol.vn/2026/04/10/stress-va-thuoc-la/,Person|Organization|WebSite|ImageObject|WebPage|BlogPosting,true,true,true,/bo-thuoc-la|bothuocla.sol.vn,1869,0,TITLE_LONG;DESC_SHORT,2
https://sol.vn/2026/04/10/vi-sao-sau-an-muon-hut-thuoc/,Vì sao sau khi ăn xong bạn lại muốn hút thuốc? Cơ chế sinh học và thói quen - Đi Cùng Sol để tái sinh — Khang Sol đồng hành người Việt 45+,138,Một trong những thời điểm khó kiểm soát nhất đối với người hút thuốc là:,72,1,https://sol.vn/2026/04/10/vi-sao-sau-an-muon-hut-thuoc/,Person|Organization|WebSite|ImageObject|WebPage|BlogPosting,true,true,true,/bo-thuoc-la|bothuocla.sol.vn,1794,0,TITLE_LONG;DESC_SHORT,2
https://sol.vn/2026/04/10/7-ngay-dau-bo-thuoc/,7 ngày đầu bỏ thuốc – điều gì thực sự xảy ra trong cơ thể và não bộ? - Đi Cùng Sol để tái sinh — Khang Sol đồng hành người Việt 45+,131,7 ngày đầu tiên là giai đoạn quan trọng nhất khi bỏ thuốc lá.,61,1,https://sol.vn/2026/04/10/7-ngay-dau-bo-thuoc/,Person|Organization|WebSite|ImageObject|WebPage|BlogPosting,true,true,true,/bo-thuoc-la|bothuocla.sol.vn,1724,0,TITLE_LONG;DESC_SHORT,2
https://sol.vn/2026/04/10/uong-ca-phe-khong-hut-thuoc/,Uống cà phê mà không hút thuốc – có thể không? - Đi Cùng Sol để tái sinh — Khang Sol đồng hành người Việt 45+,109,"Đối với nhiều người hút thuốc, cà phê gần như luôn đi kèm với thuốc lá.",71,1,https://sol.vn/2026/04/10/uong-ca-phe-khong-hut-thuoc/,Person|Organization|WebSite|ImageObject|WebPage|BlogPosting,true,true,true,/bo-thuoc-la|bothuocla.sol.vn,1698,0,TITLE_LONG;DESC_SHORT,2
https://sol.vn/2026/04/10/nicotine-roi-khoi-co-the-trong-bao-lau/,Nicotine rời khỏi cơ thể trong bao lâu? Timeline đào thải và phục hồi - Đi Cùng Sol để tái sinh — Khang Sol đồng hành người Việt 45+,132,Một trong những câu hỏi phổ biến khi bắt đầu bỏ thuốc lá là:,60,1,https://sol.vn/2026/04/10/nicotine-roi-khoi-co-the-trong-bao-lau/,Person|Organization|WebSite|ImageObject|WebPage|BlogPosting,true,true,true,/bo-thuoc-la|bothuocla.sol.vn,1841,0,TITLE_LONG;DESC_SHORT,2
https://sol.vn/2026/04/10/chi-mot-dieu-vi-sao-quay-lai/,Chỉ một điếu” – vì sao bạn quay lại từ đầu? Cơ chế dopamine và tái nghiện - Đi Cùng Sol để tái sinh — Khang Sol đồng hành người Việt 45+,136,Một trong những suy nghĩ phổ biến khi đã bỏ thuốc được một thời gian là:,72,1,https://sol.vn/2026/04/10/chi-mot-dieu-vi-sao-quay-lai/,Person|Organization|WebSite|ImageObject|WebPage|BlogPosting,true,true,true,/bo-thuoc-la|bothuocla.sol.vn,1800,0,TITLE_LONG;DESC_SHORT,2
https://sol.vn/2026/04/10/vi-sao-ban-kho-bo-thuoc-la/,"Vì sao bạn khó bỏ thuốc lá? Vai trò của não bộ, thói quen và cảm giác “phụ thuộc” - Đi Cùng Sol để tái sinh — Khang Sol đồng hành người Việt 45+",144,Nhiều người cho rằng họ không bỏ được thuốc lá vì:,50,1,https://sol.vn/2026/04/10/vi-sao-ban-kho-bo-thuoc-la/,Person|Organization|WebSite|ImageObject|WebPage|BlogPosting,true,true,true,/bo-thuoc-la|bothuocla.sol.vn,1889,0,TITLE_LONG;DESC_SHORT,2
https://sol.vn/2026/04/10/lam-gi-khi-con-them-thuoc-ap-den/,Làm gì khi cơn thèm thuốc ập đến? Kỹ thuật kiểm soát hành vi theo từng bướ - Đi Cùng Sol để tái sinh — Khang Sol đồng hành người Việt 45+,137,Cơn thèm thuốc (nicotine craving) là phản ứng phổ biến trong quá trình cai thuốc.,81,1,https://sol.vn/2026/04/10/lam-gi-khi-con-them-thuoc-ap-den/,Person|Organization|WebSite|ImageObject|WebPage|BlogPosting,true,true,true,/bo-thuoc-la|bothuocla.sol.vn,1810,0,TITLE_LONG;DESC_SHORT,2
https://sol.vn/2026/04/10/bo-thuoc-la-co-tang-can-khong/,Bỏ thuốc lá có tăng cân không? Cơ chế chuyển hóa và cách kiểm soát - Đi Cùng Sol để tái sinh — Khang Sol đồng hành người Việt 45+,129,Một trong những lo ngại phổ biến khi bỏ thuốc lá là tăng cân.,61,1,https://sol.vn/2026/04/10/bo-thuoc-la-co-tang-can-khong/,Person|Organization|WebSite|ImageObject|WebPage|BlogPosting,true,true,true,/bo-thuoc-la|bothuocla.sol.vn,1953,0,TITLE_LONG;DESC_SHORT,2
https://sol.vn/2026/04/10/72-gio-dau-bo-thuoc-la/,"72 giờ đầu khi bỏ thuốc lá: Cơ chế sinh học, triệu chứng và cách vượt qua - Đi Cùng Sol để tái sinh — Khang Sol đồng hành người Việt 45+",136,72 giờ đầu tiên sau khi ngừng hút thuốc là giai đoạn quan trọng nhất trong quá trình cai nicotine.,98,1,https://sol.vn/2026/04/10/72-gio-dau-bo-thuoc-la/,Person|Organization|WebSite|ImageObject|WebPage|BlogPosting,true,true,true,/bo-thuoc-la|bothuocla.sol.vn,1785,0,TITLE_LONG;DESC_SHORT,2
https://sol.vn/2026/04/10/con-them-nicotine-thuoc-la-keo-dai-bao-lau/,Cơn thèm nicotine kéo dài bao lâu? Sự thật khiến bạn bất ngờ - Đi Cùng Sol để tái sinh — Khang Sol đồng hành người Việt 45+,123,Cơn thèm nicotine (nicotine craving) là một trong những yếu tố chính khiến người hút thuốc gặp khó khăn khi cố gắng bỏ thuốc.,125,1,https://sol.vn/2026/04/10/con-them-nicotine-thuoc-la-keo-dai-bao-lau/,Person|Organization|WebSite|ImageObject|WebPage|BlogPosting,true,true,true,/bo-thuoc-la|bothuocla.sol.vn,1821,0,TITLE_LONG,1
https://sol.vn/2026/04/08/quy-luat-5-phut/,Quy luật 5 phút – Cắt đứt “vở kịch” của não bộ - Đi Cùng Sol để tái sinh — Khang Sol đồng hành người Việt 45+,109,Quy luật 5 phút giúp bạn vượt qua cơn thèm thuốc hiệu quả. Hiểu đúng cơ chế craving và áp dụng mẹo đơn giản của Sol để cắt đứt phản xạ hút thuốc.,145,2,https://sol.vn/2026/04/08/quy-luat-5-phut/,Person|Organization|WebSite|ImageObject|WebPage|BlogPosting,true,true,true,/bo-thuoc-la|bothuocla.sol.vn,1668,0,TITLE_LONG;MULTIPLE_H1,2
https://sol.vn/,SOL — Sống Lại · Làm Lại Tốt Hơn · Đi Cùng Sol,46,🚭 → 🌱 Bắt đầu 7 ngày cùng Sol,31,1,https://sol.vn/,Article|BreadcrumbList|Person|Organization|WebSite|ImageObject|WebPage|FAQPage,true,true,true,/bo-thuoc-la|bothuocla.sol.vn,1459,0,DESC_SHORT,1
https://sol.vn/bo-thuoc-la/q-day/,Q-Day — ngày anh chốt &#8216;tôi không phải người hút&#8217; — Đi Cùng Sol,74,Day 28 + 30 ngày đồng hồ tự do,30,1,https://sol.vn/bo-thuoc-la/q-day/,Article|BreadcrumbList|Person|Organization|WebSite|ImageObject|WebPage|FAQPage|Service,true,true,true,/bo-thuoc-la|bothuocla.sol.vn,764,0,TITLE_LONG;DESC_SHORT,2
https://sol.vn/bo-thuoc-la/,Cai Thuốc Lá Cùng Sol — Đi Cùng Sol,35,"Không bắt anh &quot;ngày mai bỏ luôn&quot;. Chỉ 7 ngày đầu để biết kẻ thù, không cam kết.",89,1,https://sol.vn/bo-thuoc-la/,Article|BreadcrumbList|Person|Organization|WebSite|ImageObject|WebPage|FAQPage,true,true,true,/bo-thuoc-la|bothuocla.sol.vn,709,0,DESC_SHORT,1
https://sol.vn/bo-thuoc-la/88-ngay/,88 ngày tái sinh — từ người hút thành Đại Sứ Sol — Đi Cùng Sol,62,7 + 21 + 30 + 30 ngày · Đại Sứ Sol lifetime,43,1,https://sol.vn/bo-thuoc-la/88-ngay/,Article|BreadcrumbList|Person|Organization|WebSite|ImageObject|WebPage|FAQPage|Service,true,true,true,/bo-thuoc-la|bothuocla.sol.vn,759,0,TITLE_LONG;DESC_SHORT,2
https://sol.vn/bo-thuoc-la/14-ngay/,14 ngày bẻ gãy thói quen tự động — chuẩn bị Q-Day — Đi Cùng Sol,63,Delay craving + thay habit + chuẩn bị Q-Day Day 28,50,1,https://sol.vn/bo-thuoc-la/14-ngay/,Article|BreadcrumbList|Person|Organization|WebSite|ImageObject|WebPage|FAQPage|Service,true,true,true,/bo-thuoc-la|bothuocla.sol.vn,780,0,TITLE_LONG;DESC_SHORT,2
https://sol.vn/bo-thuoc-la/7-ngay/,7 ngày để biết rõ kẻ thù — không cần bỏ — Đi Cùng Sol,53,Không bỏ. Không ép. Chỉ quan sát.,33,1,https://sol.vn/bo-thuoc-la/7-ngay/,Article|BreadcrumbList|Person|Organization|WebSite|ImageObject|WebPage|FAQPage|Service,true,true,true,/bo-thuoc-la|bothuocla.sol.vn,725,0,DESC_SHORT,1
https://sol.vn/tam-nhin-thong-tin-mien-tru-trach-nhiem/,Tầm nhìn &amp; Thông tin Miễn trừ trách nhiệm - Đi Cùng Sol để tái sinh — Khang Sol đồng hành người Việt 45+,108,Dự án Sol (sol.vn) là hệ sinh thái đồng hành cùng bạn trong hành trình tái lập cuộc sống và kiến tạo một phiên bản tốt đẹp hơn. Chúng tôi tin rằng sự thay đổi,158,1,https://sol.vn/tam-nhin-thong-tin-mien-tru-trach-nhiem/,Person|Organization|WebSite|ImageObject|WebPage|Article,true,true,true,/bo-thuoc-la,2395,0,TITLE_LONG,1
https://sol.vn/sol-song-lai-lam-lai-tot-hon/,"SOL — SỐNG LẠI, LÀM LẠI, TỐT HƠN - Đi Cùng Sol để tái sinh — Khang Sol đồng hành người Việt 45+",95,Hệ sinh thái đồng hành dành cho những người không chấp nhận bỏ cuộc.,68,1,https://sol.vn/sol-song-lai-lam-lai-tot-hon/,Person|Organization|WebSite|ImageObject|WebPage|Article,true,true,true,/bo-thuoc-la|bothuocla.sol.vn,1154,0,TITLE_LONG;DESC_SHORT,2
https://sol.vn/sol-gioi-thieu-thuong-hieu-va-su-menh/,Giới thiệu thương hiệu và sứ mệnh - Đi Cùng Sol để tái sinh — Khang Sol đồng hành người Việt 45+,96,🌞 Giới thiệu dự án Sol – Sống lại. Làm lại. Tốt hơn.,53,1,https://sol.vn/sol-gioi-thieu-thuong-hieu-va-su-menh/,Person|Organization|WebSite|ImageObject|WebPage|Article,true,true,true,/bo-thuoc-la,1229,0,TITLE_LONG;DESC_SHORT,2
https://sol.vn/gui-thu-cho-sol/,"💌📞 Gửi về cho Sol – Một lời kể, một tia sáng, hay một câu hỏi… - Đi Cùng Sol để tái sinh — Khang Sol đồng hành người Việt 45+",127,"Bạn đang mang trong mình một câu chuyện chưa kể?Bạn có một tài liệu, một ý tưởng, hay chỉ đơn giản là vài dòng muốn gửi đến Sol?",128,1,https://sol.vn/gui-thu-cho-sol/,Person|Organization|WebSite|ImageObject|WebPage|Article,true,true,true,/bo-thuoc-la,932,0,TITLE_LONG,1
https://sol.vn/khang-nguyen-tai-sinh-tuoi-50/,Khang Nguyễn: Từ một lần dừng lại – đến hành trình sống lại một cách tỉnh táo | Sol.vn - Đi Cùng Sol để tái sinh — Khang Sol đồng hành người Việt 45+,149,Khang Nguyễn – Hành trình tái lập cuộc đời và tài chính sau tuổi 49,67,1,https://sol.vn/khang-nguyen-tai-sinh-tuoi-50/,Person|Organization|WebSite|ImageObject|WebPage|Article,true,true,true,/bo-thuoc-la,1297,0,TITLE_LONG;DESC_SHORT,2
https://sol.vn/gioi-thieu-sol-vi-sao-blog-nay-duoc-viet-ra/,Giới thiệu Sol – Vì sao blog này được viết ra? - Đi Cùng Sol để tái sinh — Khang Sol đồng hành người Việt 45+,109,Sol không bắt đầu từ cảm hứng.Sol bắt đầu từ một lần chạm đáy.,62,1,https://sol.vn/gioi-thieu-sol-vi-sao-blog-nay-duoc-viet-ra/,Person|Organization|WebSite|ImageObject|WebPage|Article,true,true,true,/bo-thuoc-la,1175,0,TITLE_LONG;DESC_SHORT,2
https://sol.vn/category/wiki-bo-thuoc-la/,🚭Wiki-Bỏ thuốc lá - Đi Cùng Sol để tái sinh — Khang Sol đồng hành người Việt 45+,81,"Wiki bỏ thuốc lá – Hiểu để thoát khỏi lệ thuộc Bỏ thuốc lá không chỉ là dừng lại một thói quen.Đó là hành trình hiểu lại chính mình – từ cơn thèm nicotine, những phản ứng của cơ thể, đến các thói quen đã gắn bó nhiều năm. Chuyên mục này giúp bạn: Hiểu rõ cơn thèm nicotine kéo dài bao lâu Nhận diện triệu chứng cai thuốc lá Tháo gỡ tâm lý khiến bạn hút lại Và từng bước xây dựng lại một cuộc sống không khói thuốc Bạn không cần hoàn hảo để bắt đầu.Chỉ cần hiểu đúng – bạn đã đi được nửa chặng đường.",499,1,https://sol.vn/category/wiki-bo-thuoc-la/,Person|WebSite|CollectionPage,true,true,true,/bo-thuoc-la,1587,0,TITLE_LONG;DESC_LONG;NO_ARTICLE_SCHEMA,3
https://sol.vn/category/wiki-bo-thuoc-la/30-ngay-cai-thuoc-la/,Hành trình 30 ngày cai thuốc lá - Đi Cùng Sol để tái sinh — Khang Sol đồng hành người Việt 45+,94,"30 ngày đầu là giai đoạn quyết định. Theo nghiên cứu của Hughes (2007) đăng trên Nicotine &amp; Tobacco Research, khoảng 75-80% số người bỏ thuốc tự thân sẽ tái nghiện trong vòng 7 ngày đầu, và hơn 90% tái nghiện trong vòng 30 ngày nếu không có hỗ trợ phù hợp. Đồng thời, đây cũng là giai đoạn cơ thể và não bộ bạn thay đổi rõ nét nhất — mỗi ngày đều là một cột mốc sinh học có thể đo đếm được. Theo kinh nghiệm thực tế từ KhangSol: thì 72 giờ ác liệt nhất ban đầu không quá khó để vượt qua nhưng đòi hỏi bạn phải có sự chuẩn bị. Dồn lực với ưu tiên cao nhất cho nó. Sau giai đoạn đó là nội lực để duy trì, đừng chủ quan vì đoạn sau rất hay thỏa hiệp bản thân theo kiểu mình vẫn làm được. Nên cần phải kéo dài lộ trình tối thiểu 30 ngày là hợp lý. Tập tài liệu này chia 30 ngày thành 4 tuần, mỗi tuần là một &quot;chương&quot; với đặc thù sinh lý và tâm lý riêng: Tuần 1 (Ngày 1-7) — Giai đoạn cai nicotine cấp tính. Triệu chứng thể chất đỉnh điểm. Tuần 2 (Ngày 8-14) — Phục hồi thể chất bắt đầu. Cơn thèm chuyển từ sinh lý sang tâm lý. Tuần 3 (Ngày 15-21) — Tái cấu trúc thói quen. Đối phó với vấn đề ( trigger ) tình huống. Tuần 4 (Ngày 22-30) — Củng cố. Chuyển dịch danh tính từ &quot;người hút&quot; sang &quot;người không hút&quot;.",1237,1,https://sol.vn/category/wiki-bo-thuoc-la/30-ngay-cai-thuoc-la/,Person|WebSite|CollectionPage,true,true,true,/bo-thuoc-la,1707,0,TITLE_LONG;DESC_LONG;NO_ARTICLE_SCHEMA,3
https://sol.vn/category/ngam/,Ngẫm - Đi Cùng Sol để tái sinh — Khang Sol đồng hành người Việt 45+,67,"Những ghi chép, ngâm nghĩ và thử nghiệm, chiêm nghiệm vụn vặt",61,1,https://sol.vn/category/ngam/,Person|WebSite|CollectionPage,true,true,true,/bo-thuoc-la,1393,0,TITLE_LONG;DESC_SHORT;NO_ARTICLE_SCHEMA,3